Name,Quarter,Designer,Chip type,Start date,End date,Logic wafers (5th percentile),Logic wafers (median),Logic wafers (95th percentile),Logic cost (USD) (5th percentile),Logic cost (USD) (median),Logic cost (USD) (95th percentile),Logic share (%) (5th percentile),Logic share (%) (median),Logic share (%) (95th percentile),CoWoS wafers (5th percentile),CoWoS wafers (median),CoWoS wafers (95th percentile),CoWoS cost (USD) (5th percentile),CoWoS cost (USD) (median),CoWoS cost (USD) (95th percentile),CoWoS share (%) (5th percentile),CoWoS share (%) (median),CoWoS share (%) (95th percentile),HBM cost (USD) (5th percentile),HBM cost (USD) (median),HBM cost (USD) (95th percentile),HBM share (%) (5th percentile),HBM share (%) (median),HBM share (%) (95th percentile),Auxiliary cost (USD) (5th percentile),Auxiliary cost (USD) (median),Auxiliary cost (USD) (95th percentile)
AMD MI300A Q1 2024,Q1 2024,AMD,MI300A,2024-01-01,2024-03-31,76.85250301578203,127.61772563565145,180.80936093867487,1229640.0482525125,2233310.1986239003,3435377.8578348225,0.015711856494646126,0.027387177337373465,0.039877073067809965,364.1669634395903,585.2256547312791,816.9589388622961,3641669.634395903,7022707.856775349,11437425.144072145,0.5517681264236216,1.000385734583383,1.6018802722790122,10465954.21246203,16856439.054454863,23585568.96985132,0.3805801531804375,0.6742575621781945,1.0482475097711699,664854.5388985956,1273223.8218566705,1940206.8060337715
AMD MI300X Q1 2024,Q1 2024,AMD,MI300X,2024-01-01,2024-03-31,1156.2717507805419,1342.2014712522282,1557.0914553694224,18500348.01248867,23488525.746913992,29584737.652019028,0.23639016433005944,0.2880407837749404,0.3434128046063326,5075.778371521927,5849.169195860482,6729.17823079319,50757783.71521927,70190030.3503258,94208495.23110466,7.690573290184738,9.99857982198373,13.194467119202333,174176544.62413487,202112379.94321623,233954768.757889,6.333692531786722,8.08449519772865,10.397989722572845,12673547.498486146,15885265.801155474,19611564.696762398
Amazon Trainium1 Q1 2024,Q1 2024,Amazon,Trainium1,2024-01-01,2024-03-31,0.0,0.0,0.0,0.0,0.0,0.0,0.0,0.0,0.0,1978.593329290942,2981.2434634953934,4209.801534618505,19785933.29290942,35774921.56194472,58937221.48465907,2.9978686807438515,5.096142672641698,8.25451281297746,36132506.090726055,55973324.49531908,81436633.20219932,1.3139093123900385,2.2389329798127635,3.6194059200977478,21117833.21028403,37077727.708704546,59276331.10841457
Amazon Trainium2 Q1 2024,Q1 2024,Amazon,Trainium2,2024-01-01,2024-03-31,529.6543226291923,700.2114797007786,931.0863527137301,8474469.162067076,12253700.894763624,17690640.701560874,0.10828343101863497,0.1502676518697701,0.2053488731272002,831.7707389978982,1088.0269556972605,1423.4309125798213,8317707.3899789825,13056323.468367126,19928032.7761175,1.260258695451361,1.859875137944035,2.791041005058473,31973643.616026513,42536543.93386703,56467597.94517207,1.1626779496736914,1.7014617573546813,2.5096710197854257,3253245.963017994,6010692.857173443,8759304.842448745
Google TPU v5e Q1 2024,Q1 2024,Google,TPU v5e,2024-01-01,2024-03-31,2377.6053161466157,2897.9491507361117,3470.364219520512,38041685.058345854,50714110.13788196,65936920.17088973,0.486081676748147,0.6219092756165586,0.7653805468659879,5759.478332474873,6883.792435029289,8097.211676622219,57594783.32474873,82605509.22035146,113360963.47271107,8.726482321931627,11.767166555605622,15.876885640435724,65688399.25662772,82424796.62326354,101417566.38485453,2.3886690638773715,3.2969918649305416,4.507447394882423,85707298.25042807,105577206.10365716,127192016.25798954
Google TPU v5p Q1 2024,Q1 2024,Google,TPU v5p,2024-01-01,2024-03-31,1781.3762580550028,2211.926076472193,2673.674442461335,28502020.128880046,38708706.33826338,50799814.406765364,0.36418759352291086,0.47468650151669367,0.5896725177726194,2986.7384323026768,3646.732318374314,4355.7527149942225,29867384.32302677,43760787.82049177,60980538.009919114,4.525361261064662,6.233730458759512,8.540691598027887,122445152.73604524,155633341.26065034,193804281.42140198,4.452551008583463,6.2253336504260135,8.613523618728976,23493553.353694424,29361947.53446006,35729711.09053138
NVIDIA H100/H200 Q1 2024,Q1 2024,NVIDIA,H100/H200,2024-01-01,2024-03-31,12930.40734991387,14184.826239635404,15542.84492772948,206886517.59862193,248234459.19361958,295314053.62686014,2.6435144819869327,3.0441096625859023,3.4279373570427403,20723.091637251113,22577.18849300253,24572.882229914423,207230916.37251112,270926261.91603035,344020351.2188019,31.398623692804716,38.59348460342313,48.182122019440044,726373721.1602472,817296419.1915698,929078491.6801286,26.41358986037263,32.69185676766279,41.29237740800571,209989419.49223796,235117429.4779154,262415978.78555447
NVIDIA H20 Q1 2024,Q1 2024,NVIDIA,H20,2024-01-01,2024-03-31,4031.433398889999,4687.546344038787,5447.122689723516,64502934.38223998,82032061.02067876,103495331.10474679,0.8241931042646157,1.0059626306761487,1.201349910091785,6320.840077151308,7270.447233252706,8361.322336586372,63208400.77151308,87245366.79903246,117058512.71220921,9.577030419926224,12.428114928637104,16.39474967958112,261763153.54224768,303751382.66793203,351173411.52794546,9.518660128809007,12.150055306717283,15.607707179019798,47232741.7593736,56785950.808923416,67644380.50514606
AMD MI300A Q2 2024,Q2 2024,AMD,MI300A,2024-04-01,2024-06-30,429.74461019954185,512.8782828389633,603.6818302644081,6875913.7631926695,8975369.949681858,11469954.775023753,0.07178058931077917,0.09060183332544847,0.10974067756098448,1946.9580770833613,2312.5459524958337,2711.614659644286,19469580.77083361,27750551.429950006,37962605.235020004,2.2378828472222545,3.022935885615469,4.1085070600671,55797424.43919536,66686520.52105923,78510078.77445625,1.4492837516674117,1.9053291577445495,2.4923834531573412,2087649.8826255982,3717657.228756678,5401072.750838213
AMD MI300X Q2 2024,Q2 2024,AMD,MI300X,2024-04-01,2024-06-30,1534.8685681353975,1750.6259066482928,1981.5393823045456,24557897.09016636,30635953.366345122,37649248.26378637,0.2563703365219497,0.3092544993938885,0.3602153709556434,7110.901371993398,8053.082860156912,9024.088021043308,71109013.71993399,96636994.32188295,126337232.29460631,8.173449852865975,10.526905699551518,13.672860637944407,244018857.60344747,278266357.2251587,314674114.6877012,6.338152145544089,7.950467349290248,9.989654434530197,31161787.54595002,36824150.454951614,43250074.67076639
Amazon Trainium1 Q2 2024,Q2 2024,Amazon,Trainium1,2024-04-01,2024-06-30,0.0,0.0,0.0,0.0,0.0,0.0,0.0,0.0,0.0,1984.0436403825206,2974.7431054137787,4234.964679166414,19840436.403825205,35696917.26496535,59289505.508329794,2.2805099314741617,3.8885530789722593,6.416613150252141,36288025.80872316,55703803.17020978,81132614.94884479,0.9425461249019002,1.5915372334345652,2.5756385698045965,20987853.705780134,36931445.4882132,59312847.37856216
Amazon Trainium2 Q2 2024,Q2 2024,Amazon,Trainium2,2024-04-01,2024-06-30,1304.1393717198735,1671.555018490405,2023.2887082769441,20866229.947517976,29252212.823582087,38442485.457261935,0.21783145250379132,0.29528633644083646,0.36780479818408707,2042.6580746922177,2579.4157893860483,3096.3448194449893,20426580.746922176,30952989.47263258,43348827.47222985,2.3478828444738133,3.3717853456026776,4.6914315446136206,78581339.6710432,100382879.1975633,123136135.7182419,2.0410737576894338,2.868082262787523,3.909083673594981,9523097.044549223,13042660.804511458,17811515.93716718
Google TPU v5e Q2 2024,Q2 2024,Google,TPU v5e,2024-04-01,2024-06-30,2127.824765402911,2726.7575153400826,3380.5991334302066,34045196.24644658,47718256.518451445,64231383.53517392,0.3554122890331813,0.48169173503750445,0.614544319318369,5157.198650424092,6458.083847115356,7851.46236076225,51571986.50424092,77497006.16538426,109920473.0506715,5.927814540717347,8.441939669431838,11.896155092064015,59199800.92296671,77272553.35555238,97987871.23657407,1.537657166830304,2.207787238730068,3.110726071002351,74003972.871375,95810664.95058045,120444872.97952883
Google TPU v5p Q2 2024,Q2 2024,Google,TPU v5p,2024-04-01,2024-06-30,2096.788099915699,2670.295215036007,3290.4597885668245,33548609.598651186,46730166.26313012,62518735.98276967,0.35022820973110663,0.47171746220808247,0.5981582823626465,3678.2333155534643,4581.7099807069635,5551.013591041807,36782333.15553464,54980519.768483564,77714190.27458529,4.227854385693637,5.989163373473154,8.410626653093646,151260172.05464765,195020957.8451788,246600263.4540365,3.9288356377830556,5.572027367005109,7.828579792191635,39631392.99354938,51207663.19883805,63520442.03737378
Google TPU v6e Q2 2024,Q2 2024,Google,TPU v6e,2024-04-01,2024-06-30,365.7683005870851,635.4295717497837,937.4900632861935,5852292.809393361,11120017.505621215,17812311.202437676,0.06109457464784086,0.11225096884792747,0.1704222151371627,435.67068692150576,756.8672232397423,1116.654830936444,4356706.869215057,9082406.678876908,15633167.633110214,0.5007709045074779,0.989368919267637,1.691901258994612,8122662.085864047,14162549.90154649,20961043.076290056,0.2109782359964687,0.40464428290132826,0.665429938929843,0.0,0.0,0.0
NVIDIA H100/H200 Q2 2024,Q2 2024,NVIDIA,H100/H200,2024-04-01,2024-06-30,15679.216364189573,17240.546488387827,18917.62814768378,250867461.82703316,301709563.54678696,359434934.8059918,2.6189121721158,3.0456058906105294,3.4389528170233032,25037.991872820454,27339.627761629785,29796.040007888612,250379918.72820455,328075533.1395574,417144560.11044055,28.7793010032419,35.738075505398406,45.14551516346759,993010394.0924622,1122097848.501089,1277034606.420252,25.79247776863538,32.059938528602544,40.54078115619848,248105185.37961644,277133580.5374671,308817896.0013228
NVIDIA H20 Q2 2024,Q2 2024,NVIDIA,H20,2024-04-01,2024-06-30,5209.636925356189,6033.069464000402,6952.818382425378,83354190.80569902,105578715.62000704,132103549.26608218,0.870169863034763,1.0657638903962798,1.263922420708998,8347.514295455641,9573.326736421037,10920.39125792664,83475142.95455642,114879920.83705245,152885477.61097297,9.594844017765105,12.514152596628806,16.54604736049491,346134524.0254005,399965324.71772575,458975224.2997039,8.990507117542869,11.427580706220736,14.57064204126044,76178653.09335496,91076798.55314998,108144362.2370631
AMD MI300A Q3 2024,Q3 2024,AMD,MI300A,2024-07-01,2024-09-30,619.8990116227334,716.7030371097827,817.9395241513861,9918384.185963735,12542303.149421198,15540850.958876336,0.09298251278701247,0.11439503258868348,0.1344917984899263,3064.054024091015,3506.0062461967727,3966.900482398167,30640540.24091015,42072074.954361275,55536606.753574334,2.8370870593435327,3.541420450703811,4.40766720266463,87553568.30882728,100909743.26717997,115119151.79412271,1.6177673375614796,2.051011042015853,2.5998001760190315,12767406.055902628,15392894.429081185,18209923.39935865
AMD MI300X Q3 2024,Q3 2024,AMD,MI300X,2024-07-01,2024-09-30,1861.2653919812094,2111.822140487535,2385.3967165926642,29780246.27169935,36956887.45853186,45322537.61526062,0.27918278601038155,0.33707400425815404,0.3922249568014946,8607.638459156602,9670.472899995142,10821.780519542794,86076384.59156603,116045674.7999417,151504927.27359912,7.970035610330187,9.768154444439539,12.02420057726977,295633552.8346149,334626900.6197857,377619401.4780366,5.4625564086218565,6.801359768694831,8.527990096613292,36837288.286297925,43105741.19210974,50089365.586656615
AMD MI308X Q3 2024,Q3 2024,AMD,MI308X,2024-07-01,2024-09-30,259.75565722083445,573.8820854597507,1002.735083666859,4156090.5155333513,10042936.495545637,19051966.589670323,0.038962368492586455,0.09159896982294193,0.16487728105720253,1050.5673247598193,2321.03421230388,4055.506338385963,10505673.247598192,27852410.54764656,56777088.73740348,0.9727475229257586,2.344479002327151,4.506118153762181,36333754.98525163,80478960.41602847,140154926.13823614,0.6713554136225357,1.6357512279680582,3.165197067259172,0.0,0.0,0.0
Amazon Trainium1 Q3 2024,Q3 2024,Amazon,Trainium1,2024-07-01,2024-09-30,0.0,0.0,0.0,0.0,0.0,0.0,0.0,0.0,0.0,1972.285941938641,2978.0316263418617,4227.261160447057,19722859.41938641,35736379.516102344,59181656.246258795,1.8261906869802231,3.0081127538806687,4.696956844941174,36265695.638867356,55875598.62930876,81605848.81731679,0.6700978499421167,1.13568289896969,1.8429505152962236,20967939.000356488,36740238.81161676,59660483.29514715
Amazon Trainium2 Q3 2024,Q3 2024,Amazon,Trainium2,2024-07-01,2024-09-30,3215.325330732289,4084.29273183732,5033.202103922754,51445205.29171662,71475122.8071531,95630839.97453232,0.4822866677857697,0.6519057070616059,0.827597130511773,5022.6955407543655,6287.961643647242,7660.862554865627,50226955.40754365,75455539.72376691,107252075.76811878,4.6506440192170055,6.351476407724488,8.512069505406252,192791177.49698633,245183160.2093708,304592471.2915848,3.5622907889317506,4.9833975652311135,6.878782097822602,23706905.995532673,31478704.392511778,38640918.042751335
Google TPU v5e Q3 2024,Q3 2024,Google,TPU v5e,2024-07-01,2024-09-30,1861.9724937751992,2367.0120453005043,2923.439223035946,29791559.900403187,41422710.79275882,55545345.23768297,0.2792888486114966,0.37780559874825953,0.4806939721980311,4535.357171982346,5679.1796616513075,6912.787985135473,45353571.71982346,68150155.93981569,96779031.79189663,4.199404788872543,5.7365451127790985,7.680875539039414,52200848.735293165,67780885.8221332,86171782.45361662,0.9645389640667621,1.3776602809376668,1.946065547732986,65659712.57194931,91386780.756289,119936514.38663238
Google TPU v5p Q3 2024,Q3 2024,Google,TPU v5p,2024-07-01,2024-09-30,1912.91962217198,2389.0143798507615,2912.5156357630444,30606713.95475168,41807751.647388324,55337797.079497844,0.2869307256411349,0.3813174546321885,0.47889783341892217,3428.3090627513966,4229.225038303097,5096.436333169083,34283090.62751397,50750700.459637165,71350108.66436715,3.17436024328833,4.271944483134441,5.6627070368545365,140099239.2689369,180181355.75209776,225281802.9587609,2.5886777396329808,3.6622226778881655,5.087664926801285,41844879.270934574,57073056.40753999,73344743.82373331
Google TPU v6e Q3 2024,Q3 2024,Google,TPU v6e,2024-07-01,2024-09-30,2239.158482547602,2844.1373117637813,3523.522092163252,35826535.720761634,49772402.95586617,66946919.75110179,0.3358653237575101,0.4539609344728803,0.5793641329237392,2807.8195425878775,3544.4421344897846,4361.838676925179,28078195.425878774,42533305.613877416,61065741.47695251,2.5998329098035904,3.5802445802927116,4.846487418805754,52214464.92787309,66293958.96992323,81808427.10599369,0.9647905566864946,1.347438190445594,1.847525454064898,7795364.135472713,13556042.434317615,20002141.06554956
NVIDIA B200 Q3 2024,Q3 2024,NVIDIA,B200,2024-07-01,2024-09-30,7766.5101333523335,8687.407398096657,9696.445650968377,124264162.13363734,152029629.4666915,184232467.36839917,1.1649472159900638,1.3866220749169365,1.5943628789812543,8455.78790768735,9458.414804677734,10557.005202491819,109925242.79993555,160793051.67952147,211140104.04983637,7.829433247858658,9.553954348159326,11.730005780546465,393743600.6344465,453740405.0331601,523782424.0259575,7.275380647347496,9.222365955958537,11.828871364633187,0.0,0.0,0.0
NVIDIA H100/H200 Q3 2024,Q3 2024,NVIDIA,H100/H200,2024-07-01,2024-09-30,14692.674092541276,16040.989604198034,17469.35154270996,235082785.4806604,280717318.0734656,331917679.3114892,2.203845676586695,2.5603484756070385,2.8724428127732624,24306.76849261226,26371.56728030322,28549.93538636469,243067684.9261226,316458807.36363864,399699095.40910566,22.50626712278913,26.637946747781033,31.7221504292941,1138263235.556719,1277423975.8267233,1447375863.6267693,21.032210560914987,25.963901947697625,32.68689845588909,303813314.4105306,339125609.08697975,377875733.17107075
NVIDIA H20 Q3 2024,Q3 2024,NVIDIA,H20,2024-07-01,2024-09-30,6235.258261888436,7227.269203914831,8332.678665092164,99764132.19021498,126477211.06850955,158320894.63675112,0.9352652128750466,1.153565219205823,1.3701220039092596,10039.976036523649,11491.611885095534,13097.598147905444,100399760.36523649,137899342.6211464,183366374.0706762,9.296274107892268,11.60768877282377,14.552886831006049,414886244.07423776,479945804.2078433,551217788.4455395,7.666042942982959,9.75499602048462,12.448459540323837,93610620.65323488,111825022.50423184,132302724.19637693
AMD MI300A Q4 2024,Q4 2024,AMD,MI300A,2024-10-01,2024-12-31,189.39460028557156,223.3433199054508,258.64071512838404,3030313.604569145,3908508.098345389,4914173.587439297,0.021208820206106014,0.02669745968815157,0.03186706179044798,1240.1611754322462,1456.810893817721,1683.4555745204002,12401611.754322462,17481730.72581265,23568378.043285605,0.961365252273059,1.2451375160835223,1.6032910233527622,35505974.77565503,41961207.02870815,48850908.48563625,0.4326830949994519,0.5624826679451496,0.7275976837300603,15400821.175395776,18384963.868617203,21484971.63605819
AMD MI300X Q4 2024,Q4 2024,AMD,MI300X,2024-10-01,2024-12-31,1518.8107607365132,1770.5878322572128,2052.2430035087127,24300972.17178421,30985287.064501222,38992617.066665545,0.1700797398816538,0.2116481356864838,0.25285637866166577,7441.512371672645,8539.362757421015,9741.818184925014,74415123.71672645,102472353.08905219,136385454.5889502,5.768614241606702,7.298600647368389,9.277922080880966,255301803.55941486,295042707.78772444,339094145.66936886,3.111160170112294,3.9549960829453674,5.050553256916427,45118900.526066855,52473530.45348265,60606154.161223896
AMD MI308X Q4 2024,Q4 2024,AMD,MI308X,2024-10-01,2024-12-31,897.0773238579037,980.0282299408159,1062.3966620457054,14353237.18172646,17150494.02396428,20185536.578868404,0.10045667428738438,0.11714818322379973,0.13089764331408923,4165.969688957553,4445.131115515473,4728.936870247509,41659696.88957553,53341573.38618567,66205116.18346513,3.229433867408956,3.799257363688438,4.503749400235723,142123160.82675517,153525942.8429631,165764128.2619719,1.7319420037381812,2.0579885099592907,2.4689325031571627,8062920.213981363,17821300.022793405,31072682.252613027
AMD MI325X Q4 2024,Q4 2024,AMD,MI325X,2024-10-01,2024-12-31,352.779007117085,499.29158107394835,677.0696894406652,5644464.11387336,8737602.668794096,12864324.09937264,0.03950496224894139,0.05968307833875749,0.08342159748180059,1426.7950954513212,2019.3570612324131,2738.370743960024,14267950.954513213,24232284.734788958,38337190.415440336,1.106042709652187,1.7259462061815496,2.6079721371047846,68131661.30866188,97107796.47407396,132609792.21342601,0.8302664063936371,1.3017130894647984,1.975123506306613,0.0,0.0,0.0
Amazon Trainium1 Q4 2024,Q4 2024,Amazon,Trainium1,2024-10-01,2024-12-31,0.0,0.0,0.0,0.0,0.0,0.0,0.0,0.0,0.0,545.4392484571281,974.2579164479673,1569.9777730797039,5454392.484571281,11691094.997375607,21979688.823115855,0.422821122834983,0.8326990738871516,1.4952169267425752,10143056.822029244,18300044.66657225,30010485.259322144,0.12360537194771196,0.24530890973957442,0.44698369465776205,20791787.126714416,37106452.25763413,59789827.89527938
Amazon Trainium2 Q4 2024,Q4 2024,Amazon,Trainium2,2024-10-01,2024-12-31,4606.885960647034,5120.122481619163,5677.8594172688545,73710175.37035255,89602143.42833535,107879328.92810823,0.5158891325416547,0.6120364988274274,0.6995677258229441,7499.587300216084,8403.095550546512,9342.280899447955,74995873.00216085,100837146.60655814,130791932.59227136,5.81363356605898,7.1821329491850525,8.897410380426624,285136738.43526036,327069410.9567357,377837946.18010825,3.4747348091062675,4.38430845786509,5.6276131394118005,58937906.37338566,77018666.99459964,96874911.78165568
Google TPU v5e Q4 2024,Q4 2024,Google,TPU v5e,2024-10-01,2024-12-31,872.6181705102657,1078.685640639938,1293.5257005933727,13961890.728164252,18876998.711198915,24576988.31127408,0.09771768497638261,0.128941248027315,0.15937499789188378,2334.8256915834554,2908.7514938630015,3514.317048493631,23348256.915834554,34905017.92635602,49200438.67891083,1.809942396576322,2.486112387917095,3.3469686176129816,26902641.20343372,34791981.73572208,43859310.11088685,0.32784110654927756,0.4663804522214756,0.6532515655479126,55801808.41942641,76752698.6666685,99984638.28658894
Google TPU v5p Q4 2024,Q4 2024,Google,TPU v5p,2024-10-01,2024-12-31,1281.9362094248286,1770.2668453478989,2265.590626631997,20510979.35079726,30979669.793588232,43046221.906007946,0.1435540112568854,0.2116097663496464,0.2791428892195265,2394.209855900416,3186.25616178793,3993.8284773991622,23942098.55900416,38235073.94145516,55913598.683588274,1.8559766324809428,2.723295864776009,3.8036461689515835,99290908.86984468,135987305.15001887,176469634.55052906,1.2099793915408805,1.8228861280163389,2.6283829989652823,35481508.07188339,47718180.3176058,61084866.06091126
Google TPU v6e Q4 2024,Q4 2024,Google,TPU v6e,2024-10-01,2024-12-31,5821.937817880837,6937.459723681012,8174.6636078967085,93151005.0860934,121405545.16441771,155318608.55003747,0.651953288237281,0.8292728494837276,1.0071983839808927,7540.4011093778845,8903.536697152915,10401.486383434476,75404011.09377885,106842440.36583498,145620809.36808267,5.845272177812314,7.609860424917021,9.906177508032835,140292828.7197045,166942818.26504314,195754966.247828,1.7096372010687848,2.2378393869308733,2.9156235663960084,43742383.81281081,56456421.113006294,70808530.75219642
NVIDIA B200 Q4 2024,Q4 2024,NVIDIA,B200,2024-10-01,2024-12-31,22615.07072951691,25097.717354557833,27804.218705200943,361841131.67227054,439210053.7047621,528280155.3988179,2.532484919461744,3.000068672846736,3.425751259131635,26484.290509199298,29212.848922376914,32186.14853279537,344295776.6195909,496618431.6804075,643722970.6559074,20.530457759069222,24.96824694220249,30.653474793138447,1236417489.9871979,1401271769.2328176,1604443480.130763,15.06723726525954,18.783803877115517,23.896983618271715,109130723.34346223,121361933.93117544,134651503.39621618
NVIDIA H100/H200 Q4 2024,Q4 2024,NVIDIA,H100/H200,2024-10-01,2024-12-31,10174.182849020188,11566.725984884411,13160.399872330274,162786925.58432302,202417704.7354772,250047597.5742752,1.1393271743943976,1.382634595187686,1.6214897786312534,17442.541052520835,19556.43956476191,21935.19017109698,174425410.52520835,234677274.7771429,307092662.3953577,13.521349653116927,16.714905610907614,20.89065730580665,963051504.1500988,1113721868.2172742,1298568618.3216226,11.73594326285765,14.929247563234238,19.341206707203195,260653792.32768315,291067603.16150856,323602284.0540312
NVIDIA H20 Q4 2024,Q4 2024,NVIDIA,H20,2024-10-01,2024-12-31,13886.809811173382,15167.460792312895,16495.11161626663,222188956.9787741,265430563.86547565,313407120.709066,1.5550752348666752,1.8130502996275661,2.032358829718602,22390.39006263486,24421.75593025825,26508.673212121674,223903900.62634858,293061071.163099,371121424.96970344,17.356891521422373,20.873295666887394,25.24635544011588,926014331.5279466,1019898623.6304817,1118640545.3095493,11.284600676674952,13.671563319443456,16.66131285834896,132937915.73612131,156521472.69220448,182738003.32438406
AMD MI300A Q1 2025,Q1 2025,AMD,MI300A,2025-01-01,2025-03-31,9.755836130917634,15.36419391647051,21.69286875794015,156093.37809468215,268873.39353823394,412164.5064008629,0.001203406541036713,0.0020165504515367544,0.00293303052328399,70.14566620551147,110.47045107348673,155.97440450153513,701456.6620551147,1325645.4128818407,2183641.663021492,0.05269158024827154,0.08859785549753321,0.13417153075400873,2021874.9060475598,3178496.127491642,4496960.859587216,0.028365248401340623,0.049050866164994475,0.07710838236603594,1045842.3279133057,1646570.8335521752,2314862.8369963192
AMD MI300X Q1 2025,Q1 2025,AMD,MI300X,2025-01-01,2025-03-31,893.5290335680513,1067.160577444311,1264.6134864161404,14296464.53708882,18675310.10527544,24027656.24190667,0.11021901856205789,0.1400648257895658,0.17098475988600995,4531.193417608856,5346.770606221016,6238.122979573404,45311934.176088564,64161247.2746522,87333721.71402766,3.403713365339986,4.288136827044424,5.3661272942566915,155582893.79708716,184750939.67843115,217089832.07809094,2.1827005302621654,2.8510947481239377,3.7223908106668544,31769775.534019995,39092173.13706257,47478620.90683027
AMD MI308X Q1 2025,Q1 2025,AMD,MI308X,2025-01-01,2025-03-31,933.8140228500488,1228.9426608192523,1464.170067139838,14941024.36560078,21506496.564336915,27819231.275656924,0.11518827173082648,0.16129872423252686,0.1979662324111942,4274.205052377754,5624.058390712935,6693.580136497411,42742050.523777544,67488700.68855521,93710121.91096376,3.210670461880003,4.510523020120649,5.75791839698702,146947575.13555282,194166720.2196324,232817106.36047295,2.0615540843932774,2.9964000033893887,3.992062866263254,19081592.039165195,25032478.306026943,29751058.322992314
AMD MI325X Q1 2025,Q1 2025,AMD,MI325X,2025-01-01,2025-03-31,431.18690722848055,564.481881369557,720.6786624734702,6898990.515655689,9878432.923967246,13692894.586995935,0.053187972574047,0.07408824692975435,0.09744089350747918,2093.399931204204,2699.256047929416,3374.186898484738,20933999.312042043,32391072.575152993,47238616.57878633,1.5725069905759281,2.1648168805448953,2.9025263642879464,99348060.99635774,129770300.74368173,164833631.42475665,1.3937718994999682,2.002628097896323,2.826365422235196,13395904.228244781,18919165.27690353,25651190.866590966
AMD MI350X Q1 2025,Q1 2025,AMD,MI350X,2025-01-01,2025-03-31,41.64760294541637,68.16126436045232,98.20113424804839,708009.2500720782,1363225.2872090465,2160424.9534570645,0.005137334937820418,0.008946165947309367,0.013277493511097254,155.6579160084937,254.75272554719058,367.02673925208086,1556579.1600849368,3057032.7065662867,5138374.349529132,0.11692613409088727,0.20431296284486464,0.31572192623834916,8399254.4499631,13764952.277238699,20021870.326816685,0.11783465838893237,0.21242210304380707,0.34331053372456594,0.0,0.0,0.0
Amazon Trainium2 Q1 2025,Q1 2025,Amazon,Trainium2,2025-01-01,2025-03-31,5444.77774279603,5925.075069207312,6420.18299800616,87116443.88473648,103688813.71112795,121983476.96211705,0.6716268151949314,0.7776661028334597,0.8680545163639778,8919.169186845618,9660.762540458047,10417.996042122553,89191691.86845618,115929150.48549657,145851944.58971575,6.699845398569479,7.747979982322244,8.961717025481766,336115085.7846171,375762706.4319452,425155655.0541426,4.71541927307263,5.798807198023845,7.290048954975011,76063009.87235895,85064077.46073535,95419293.68380497
Google TPU v5e Q1 2025,Q1 2025,Google,TPU v5e,2025-01-01,2025-03-31,123.69532003588905,165.23859591294627,212.60287678253658,1979125.120574225,2891675.4284765595,4039454.658868195,0.01525812398130319,0.0216875657135742,0.0287454247706598,420.1746769293172,561.2910305242912,722.1804757077904,4201746.769293171,6735492.366291494,10110526.659909066,0.31562417046333685,0.45015821996935634,0.6212305167378842,4876210.505188684,6703873.922635458,8928024.74406646,0.06840923828828119,0.1034548444851151,0.1530868440340614,18228044.54131086,24309901.559969,31273842.195396796
Google TPU v5p Q1 2025,Q1 2025,Google,TPU v5p,2025-01-01,2025-03-31,531.6125793300997,774.711079352031,1016.9992849673935,8505801.269281596,13557443.888660543,19322986.414380476,0.06557572786978189,0.10168082916495408,0.13750555439448472,1076.6719045918296,1534.3183340361202,2000.118986191681,10766719.045918297,18411820.008433443,28001665.806683533,0.8087676278624072,1.2305309947156853,1.7205324612401558,44633404.17579836,65431802.846327126,88076198.02957657,0.6261700922530633,1.0097500439248013,1.5102228743068684,20903892.845389064,33642616.74107527,46555746.9397709
Google TPU v6e Q1 2025,Q1 2025,Google,TPU v6e,2025-01-01,2025-03-31,10258.902667493521,11799.82041885804,13382.105205489332,164142442.67989632,206496857.33001572,254259998.9042973,1.2654610438561615,1.5487264299751178,1.8093560363762962,13605.861505677332,15524.1211012319,17485.112093004267,136058615.05677333,186289453.2147828,244791569.30205974,10.220365450274052,12.450422938331348,15.040956639143454,252889041.09293106,290669963.4005037,329477738.4187604,3.5478260534922987,4.485647583341106,5.6494811114327925,107561035.19706827,130975504.62241486,156590676.12785622
NVIDIA B200 Q1 2025,Q1 2025,NVIDIA,B200,2025-01-01,2025-03-31,23848.398685161865,26029.067492604743,28398.270157214374,381574378.96258986,455508681.120583,539567132.9870731,2.9417590236087405,3.4163151084043726,3.839648601067906,30521.467816165426,33141.993533766276,35960.380278887904,396779081.6101505,563413890.0740267,719207605.5777581,22.926924181157126,26.580044939361425,30.933660454957334,1416781527.0934117,1588056159.0909374,1807040898.063961,19.876284050132035,24.507039492144095,30.984926235664627,284946881.7482019,317175076.2208013,352455748.8207697
NVIDIA B300 Q1 2025,Q1 2025,NVIDIA,B300,2025-01-01,2025-03-31,9061.619595477632,10294.974846394925,11706.404615960364,144985913.5276421,180162059.8119112,222421687.70324692,1.1177732125927506,1.351215448589334,1.5827893691541721,9706.736832203236,10972.288340576328,12410.642483510102,126187578.81864206,186528901.78979757,248212849.67020205,7.2914455077583,8.799830248081266,10.675821491191485,681382791.3624653,790277135.2556382,923075019.1487647,9.559242303064886,12.195634803327751,15.827760959340958,3035406.0447563543,7936638.670636703,15339958.811114285
NVIDIA H100/H200 Q1 2025,Q1 2025,NVIDIA,H100/H200,2025-01-01,2025-03-31,8444.051492587361,9560.50584720924,10898.837330499846,135104823.88139778,167308852.3261617,207077909.27949706,1.0415946580761857,1.2548163924462128,1.4736005143147533,13974.598628898919,15665.700382616164,17620.16140478474,139745986.2889892,187988404.59139398,246682259.66698635,10.497351082740972,12.563970231672112,15.157128090137412,853204007.2501137,983422388.2072377,1143499542.073291,11.969753188132907,15.1762714229512,19.607330968334892,163985885.37964475,195993250.6932165,233081340.50311685
NVIDIA H20 Q1 2025,Q1 2025,NVIDIA,H20,2025-01-01,2025-03-31,11984.432684753994,13010.733866320043,14079.898461311048,191750922.9560639,227687842.66060075,267518070.76490992,1.478309443691997,1.7076588199545057,1.9037026597346143,20132.193710179192,21828.669670872005,23611.88320663512,201321937.10179192,261944036.05046406,330566364.8928917,15.12277461797498,17.50670249292993,20.311297382051716,831588092.0187196,911449493.2556019,998785037.6574334,11.666499607445559,14.065578599623485,17.12594371840592,311464661.38087076,336114382.23717064,363068937.6200355
AMD MI300X Q2 2025,Q2 2025,AMD,MI300X,2025-04-01,2025-06-30,691.5717609343094,886.2554504172812,1097.221841405805,11065148.174948951,15509470.38230242,20847214.986710295,0.07005482126843005,0.09556623227633734,0.12189181033855256,3312.7995107065412,4145.001327754355,5048.592522111087,33127995.107065413,49740015.93305226,70680295.30955522,2.078619300835477,2.7807136789966322,3.638625241161144,113997913.31141688,143136225.31357104,175419837.87120795,1.3185046647168273,1.8210715688749497,2.479782836743115,16363669.958330944,21227236.181207556,26835726.15819485
AMD MI308X Q2 2025,Q2 2025,AMD,MI308X,2025-04-01,2025-06-30,224.84920022962424,296.12274672529156,352.9595455854497,3597587.203673988,5182148.067692602,6706231.366123544,0.0227767694174719,0.03193135250398954,0.03921073785093512,1515.6501645108,1996.0866631112242,2379.2087887611788,15156501.645108001,23953039.95733469,33308923.042656504,0.9509961816538354,1.3390937781878234,1.7147450729810296,52128749.023532204,68810613.60472947,82757643.03313692,0.6029233058470067,0.8754530992968126,1.169884690884039,23321945.82564635,30595251.262921825,36362404.61699061
AMD MI325X Q2 2025,Q2 2025,AMD,MI325X,2025-04-01,2025-06-30,382.74826527982106,531.7368525391953,703.4277845978023,6123972.244477137,9305394.919435918,13365127.907358244,0.03877162549083094,0.057337969019793586,0.07814471319419536,1849.4894121198329,2488.2528831460054,3220.5846064692705,18494894.12119833,29859034.597752064,45088184.490569785,1.1604639448595029,1.6692681815654544,2.321142058716591,87843132.19228263,119396628.09527013,157072351.05717772,1.01599736516635,1.5190410699143782,2.220417741831746,10842633.778903447,15572124.059446737,21343888.609760974
AMD MI350X Q2 2025,Q2 2025,AMD,MI350X,2025-04-01,2025-06-30,611.2425642183848,749.8396731296843,902.2230673703529,10391123.591712542,14996793.462593688,19848907.482147764,0.061917636038414284,0.0808563178241493,0.1002291413284952,2335.623757857333,2854.5671177076742,3425.7495520332786,23356237.57857333,34254805.41249209,47960493.7284659,1.4654894166947974,1.9150135800135342,2.4690086861501106,124198414.84727398,154208553.19433445,189095082.24958238,1.4364840949256763,1.961940880335044,2.6730998338928806,1541947.6442575918,2517747.6288496302,3631320.215463739
AMD MI355X Q2 2025,Q2 2025,AMD,MI355X,2025-04-01,2025-06-30,284.26264061527075,409.367387354789,579.3932393532095,4832464.890459603,8187347.74709578,12746651.26577061,0.02879523081551378,0.04414268911732528,0.06436555323415326,1062.4316192995745,1530.0106102385237,2165.4822320826206,10624316.192995746,18360127.322862282,30316751.249156687,0.6666237611291448,1.026422212319345,1.5607079150145013,56797101.80158782,82754543.38478473,119017347.64443932,0.6569176706174857,1.0528567860659634,1.6824617987622181,0.0,0.0,0.0
Amazon Trainium2 Q2 2025,Q2 2025,Amazon,Trainium2,2025-04-01,2025-06-30,6335.225089573637,6892.404777071909,7445.235750800931,101363601.43317819,120617083.5987584,141459479.2652177,0.6417454939828168,0.7432181720948066,0.8271009834252802,10409.32281701905,11244.086910892336,12084.683877953492,104093228.1701905,134929042.93070802,169185574.29134887,6.531339806757051,7.543202959089198,8.709682074200716,392256302.74045604,437815929.1940152,493605007.43616664,4.536852911640713,5.570177216208845,6.97773547407643,90397801.85955049,99957207.33601858,109458193.70353986
Google TPU v5p Q2 2025,Q2 2025,Google,TPU v5p,2025-04-01,2025-06-30,60.779948297241965,121.01924611450696,179.84818952580508,972479.1727558714,2117836.8070038715,3417115.6009902963,0.006156885886889407,0.013049683788845327,0.019979570748723075,152.17498166272432,302.99633471632114,450.2865782201638,1521749.8166272433,3635956.0165958535,6304012.095082293,0.09548234143543487,0.203267981361054,0.3245308671857036,6427300.15442026,12866914.85026991,19621189.53304482,0.07433842417788875,0.1637012067464365,0.27737050513210093,5508527.4596874695,10950617.59350947,16254057.312557224
Google TPU v6e Q2 2025,Q2 2025,Google,TPU v6e,2025-04-01,2025-06-30,12181.450861919837,14023.695877968024,16026.334927424612,194903213.7907174,245414677.86444044,304500363.62106764,1.2339563457146663,1.5121958087993659,1.7803865213737318,16758.694726740414,19070.090303138706,21555.107734264493,167586947.26740414,228841083.63766447,301771508.2797029,10.515259436386142,12.793351985334143,15.535212781451888,311929871.0905185,357123716.402907,406412864.4064403,3.6077940214031745,4.543558732861412,5.745163477614367,179351657.43973887,212049057.10676974,245038949.2737513
Google TPU v7 Q2 2025,Q2 2025,Google,TPU v7,2025-04-01,2025-06-30,573.6490232465073,902.290493054055,1228.3675052548306,9752033.395190625,18045809.8610811,27024085.115606274,0.05810948633884545,0.09729531457249178,0.13646095377095785,1127.493496880933,1773.4304809907676,2414.327084733006,11274934.968809329,21281165.77188921,33800579.186262086,0.7074469000037226,1.1897227545430726,1.7400555565643288,71077622.99016911,111703918.8967666,154103417.23304892,0.8220867799001749,1.4211694516128066,2.178448080761223,0.0,0.0,0.0
NVIDIA B200 Q2 2025,Q2 2025,NVIDIA,B200,2025-04-01,2025-06-30,19989.045862883017,21871.77116252057,23817.553365399184,319824733.80612826,382755995.34410995,452533513.9425845,2.024849935108519,2.358465341147628,2.645923174318094,25736.8776632431,28003.880691924314,30326.037059331626,334579409.6221603,476065971.7627134,606520741.1866325,16.148629122034887,18.786670485148388,21.856603286004773,1196007454.2658634,1340121096.8259401,1524660405.3474905,13.833072568423125,17.049886728065395,21.55301675639653,247876631.596423,275098068.2029357,304585378.2998316
NVIDIA B300 Q2 2025,Q2 2025,NVIDIA,B300,2025-04-01,2025-06-30,26119.802086438678,29088.61191931212,32090.4240107738,417916833.38301885,509050708.5879621,609718056.2047023,2.6458831463276553,3.136667923416826,3.564967201339453,30605.47869860499,33870.345889700315,37296.68718332798,397871223.0818649,575795880.1249053,745933743.6665596,19.203437614810976,22.722244622021176,26.88049526726341,2136699686.1851585,2432917028.228528,2790967121.0147314,24.71315852631458,30.953142852780253,39.45387504968521,162548068.54943916,184148084.96704262,207390135.05181804
NVIDIA H100/H200 Q2 2025,Q2 2025,NVIDIA,H100/H200,2025-04-01,2025-06-30,7610.083307376582,9051.860626517944,10291.639426940674,121761332.9180253,158407560.96406403,195541149.1118728,0.7708860541325218,0.9760754811262919,1.1433116930065383,12701.726071448087,14688.008508663375,16443.287984210827,127017260.71448088,176256102.1039605,230206031.7789516,7.969710476202721,9.853590613778366,11.851018366998794,793897981.3858205,934950488.819907,1090585964.568014,9.182257476125613,11.895044387021716,15.416821664800876,147812296.44716117,175105993.4186095,208212828.5086239
NVIDIA H20 Q2 2025,Q2 2025,NVIDIA,H20,2025-04-01,2025-06-30,1002.3656257841349,1101.4388482897791,1207.7328795366186,16037850.012546157,19275179.845071133,22946924.711195752,0.10153761146212514,0.11876977542342011,0.13416862619458664,2069.3780573950467,2292.0015082612535,2531.36664055411,20693780.573950466,27504018.09913504,35439132.96775754,1.298433290914539,1.5376110747245308,1.8244083895885475,85717287.30131002,95692794.43836726,106760592.43081571,0.991409753658455,1.2174655780962755,1.5091969526550142,108913168.6145516,123745501.78058201,140387283.9977015
AMD MI300X Q3 2025,Q3 2025,AMD,MI300X,2025-07-01,2025-09-30,300.7737584742974,375.9418512679017,456.35576703374704,4812380.135588758,6578982.39718828,8670759.573641194,0.026808391319261715,0.035638856439743,0.04456307775080742,1641.3733290498108,2071.409885837041,2530.8585895323017,16413733.290498108,24856918.630044494,35432020.25345223,0.8842415240672381,1.1943264206627986,1.5695247066866986,56505611.097897545,71572531.86415115,88016597.96265036,0.5424365085715421,0.7557817514693891,1.0326950365205956,15287415.21397297,21046346.759613357,27357849.388845146
AMD MI325X Q3 2025,Q3 2025,AMD,MI325X,2025-07-01,2025-09-30,364.9998153083901,518.300723646151,710.7038452482388,5839997.044934242,9070262.663807644,13503373.059716538,0.03253295077961981,0.04913431431042489,0.06940013253136565,1740.7598519632002,2425.2001939787497,3279.8309115315556,17407598.519632,29102402.327744994,45917632.761441775,0.9377830852327005,1.398313625357117,2.0340036660660807,82581491.77319518,116407922.10971986,159162032.25609475,0.7927569528001841,1.2292283221723321,1.8674414203460605,9957318.75189609,15376723.796571597,21675358.911270883
AMD MI350X Q3 2025,Q3 2025,AMD,MI350X,2025-07-01,2025-09-30,857.8307468869272,1047.965198282147,1270.6117525581142,14583122.697077762,20959303.96564294,27953458.556278512,0.07645967010185332,0.09934589918484311,0.12407506250742693,3702.872542514626,4462.892193025604,5362.341430738116,37028725.42514626,53554706.31630725,75072780.03033362,1.9948134909169701,2.5731991022850327,3.3254830578220873,196404550.18215758,240787809.92714247,295363409.661105,1.8854233482015703,2.542637908417555,3.4654864444574094,21920639.29678383,26979872.29051245,32526016.045509323
AMD MI355X Q3 2025,Q3 2025,AMD,MI355X,2025-07-01,2025-09-30,884.2619708295133,1131.3692817226865,1439.7388702044002,15032453.504101725,22627385.634453733,31674255.144496806,0.07881552254753947,0.10725251066265791,0.14059030223460245,3547.673933547076,4532.153872141316,5757.436084268779,35476739.33547076,54385846.4656958,80604105.17976291,1.9112048126852934,2.6131337641175154,3.5705029979961425,189767619.76391903,244990066.36493218,317227288.7676161,1.821710854986263,2.587012316419558,3.7220144170786824,14029184.71524937,20200018.222464427,28562461.949880354
Amazon Trainium2 Q3 2025,Q3 2025,Amazon,Trainium2,2025-07-01,2025-09-30,7307.64241662794,7995.619680136588,8729.85557814062,116922278.66604705,139923344.40239027,165867255.98467177,0.6513405242530103,0.757975577781865,0.85246919395944,12011.203803852293,13040.657004631466,14138.915552393668,120112038.03852293,156487884.0555776,197944817.73351136,6.470682183893492,7.5189373720397645,8.768319722414677,453108382.7840225,507743470.52964634,575304512.8702575,4.349701284285519,5.361599477609782,6.750023616921946,104875300.48318423,116131577.90746954,126862524.70479189
Google TPU v6e Q3 2025,Q3 2025,Google,TPU v6e,2025-07-01,2025-09-30,7548.442120916527,9280.126234516341,11063.278706293839,120775073.93466443,162402209.10403597,210202295.41958293,0.6728033431334765,0.8797453263029643,1.0803276408052198,11456.688972639782,13687.431024783687,15978.055504527065,114566889.72639783,164249172.29740426,223692777.0633789,6.171953655294159,7.891852122397802,9.90887163071446,213181019.30864024,256232470.98587757,300580482.4142948,2.0464722982494026,2.7057283103049374,3.5266981393206005,197553445.59343964,235517251.6832835,276037460.9721504
Google TPU v7 Q3 2025,Q3 2025,Google,TPU v7,2025-07-01,2025-09-30,3190.161696746828,3909.9939047501,4668.303833820216,54232748.844696075,78199878.095002,102702684.34404474,0.2843436328087022,0.37066293891381025,0.45585922593488065,6606.947674508613,8043.682695183716,9546.86200911762,66069476.74508613,96524192.34220459,133656068.12764668,3.5592984105096903,4.637799031457277,5.920534579297749,409063466.1546807,506959634.6476575,614519776.9083384,3.926883614809261,5.353322435561325,7.210134658082112,16273017.955637349,25627334.830093533,34858684.592540994
NVIDIA B200 Q3 2025,Q3 2025,NVIDIA,B200,2025-07-01,2025-09-30,24574.49907316443,27456.535767178015,30445.34901930207,393191985.1706309,480489375.92561525,578461631.3667393,2.1903599269100607,2.602848108660876,2.9729841354175264,29581.116503626454,32703.458546291913,35934.15517385255,384554514.5471439,555958795.2869625,718683103.477051,15.935955018788661,18.856048170834978,22.284747394637243,1461725642.9020445,1653298863.4541595,1881238326.125918,14.032117144111018,17.45827733320126,22.07249004019615,223728440.35698786,250990141.54903388,279487700.8549283
NVIDIA B300 Q3 2025,Q3 2025,NVIDIA,B300,2025-07-01,2025-09-30,46509.90617719584,50621.65361299785,55002.881754903865,744158498.8351334,885878938.2274623,1045054753.3431734,4.145493846754465,4.7988747189798815,5.371023822256182,54534.32866346018,59157.171981959975,64035.85669265757,708946272.6249824,1005671923.6933196,1280717133.8531516,29.37876291634219,34.10863970131025,39.71215918924501,4123071571.07865,4593259931.1851635,5181591064.113237,39.58022051529856,48.50327276858673,60.79538969979159,449827815.4820668,495740052.11270905,543203187.0567808
NVIDIA H100/H200 Q3 2025,Q3 2025,NVIDIA,H100/H200,2025-07-01,2025-09-30,3601.2220771871425,4508.691873386928,5402.449628971528,57619553.23499428,78902107.78427124,102646542.95045903,0.32098202703095025,0.4274188198646882,0.5275484616432506,6856.493763456568,8243.30319020784,9600.584367835241,68564937.63456568,98919638.28249408,134408181.14969337,3.693734013983336,4.752895533092809,5.953850770750537,428411409.1836604,526192998.6131648,630171300.6215346,4.112617924389559,5.556420259906703,7.393773326546222,130774117.99119559,169255428.07312605,201705888.51786354
NVIDIA H20 Q3 2025,Q3 2025,NVIDIA,H20,2025-07-01,2025-09-30,79.56682985518366,90.00975276159187,100.96772484580336,1273069.2776829384,1575170.6733278576,1918386.7720702637,0.007091904299135058,0.008532821355292992,0.009859484414695557,185.86933395672594,210.264161910891,235.86215263787855,1858693.3395672594,2523169.942930692,3302070.1369303,0.10013162772079512,0.12123339065132455,0.14627110241108748,7712244.9007102065,8778764.494677912,9930407.684161546,0.07403518192099652,0.09270078663862631,0.11651305507639968,6150024.498930653,6920115.181753898,7735986.909984191
AMD MI300X Q4 2025,Q4 2025,AMD,MI300X,2025-10-01,2025-12-31,89.65002253198678,171.3540662792104,259.90076749513156,1434400.3605117884,2998696.159886182,4938114.5824075,0.00773415257668539,0.01579265494223703,0.024693279929355952,493.10982943248337,833.7377208976974,1200.136824598455,4931098.294324834,10004852.650772369,16801915.54437837,0.23273620268199807,0.42147878465602395,0.6531356868563021,17032661.943003014,28766322.491272934,41709204.28063809,0.13582665026318191,0.25233616220414856,0.4065224588756149,3787459.350778422,5261518.074894916,7036988.469735515
AMD MI325X Q4 2025,Q4 2025,AMD,MI325X,2025-10-01,2025-12-31,449.1974395638241,660.0528091093704,925.8188679695661,7187159.033021186,11550924.159413982,17590558.491421755,0.03875248925234193,0.060833025350757186,0.08796243539788767,2063.975775663927,2987.0135100848547,4161.006048164674,20639757.75663927,35844162.12101825,58254084.67430544,0.9741478587204375,1.5100226275310482,2.2644930874365574,105870447.31584193,154334210.4071886,215261078.27433184,0.8442619403177186,1.3538088632209526,2.0980611917576204,9894913.437275518,14950645.747398702,21611369.607760455
AMD MI350X Q4 2025,Q4 2025,AMD,MI350X,2025-10-01,2025-12-31,727.7969217131481,947.7841091292232,1223.5738727209527,12372547.669123517,18955682.182584465,26918625.19986096,0.06278740683375815,0.08735145725006556,0.11625226214043635,3248.093266641937,4161.979394630158,5298.451838008234,32480932.666419372,49943752.73556189,74178325.73211527,1.53302337068646,2.1040022216139818,2.8835112043582223,182568159.156507,239277115.93213156,310856166.6271709,1.4558864366547604,2.098922069580101,3.029787199095233,24172225.100418523,30659454.46472531,38158507.694454305
AMD MI355X Q4 2025,Q4 2025,AMD,MI355X,2025-10-01,2025-12-31,1308.6437039084974,1652.437458992651,2054.891298351298,22246942.966444455,33048749.179853022,45207608.56372855,0.11289735115164969,0.15229504131507177,0.1952360762287352,5518.2250979098535,6931.719308353277,8589.392759980361,55182250.979098536,83180631.70023932,120251498.63972506,2.6044720226123204,3.5041866961659536,4.674499461213802,308136103.90277594,395731427.70884985,504379493.330653,2.457225708953556,3.471328313235525,4.91597946716036,38582736.125521146,49653933.26286764,63572970.13898184
Amazon Trainium2 Q4 2025,Q4 2025,Amazon,Trainium2,2025-10-01,2025-12-31,7742.582174154548,9288.631988712317,10827.254493272461,123881314.78647277,162551059.80246556,205717835.37217677,0.6679564620418248,0.856076328204159,1.0287019489996778,12887.6907252772,15151.633455409099,17410.558255590786,128876907.252772,181819601.4649092,243747815.578271,6.082685888036436,7.6595935319603665,9.475133744539203,494848492.82691693,591026118.8726215,699684461.7189779,3.94616022987972,5.184439639233522,6.81953666392766,120620635.96838075,134563187.2989568,149140335.08632308
Google TPU v6e Q4 2025,Q4 2025,Google,TPU v6e,2025-10-01,2025-12-31,2595.1436525529334,3737.600062549842,4850.037391754331,41522298.440846935,65408001.09462223,92150710.44333228,0.2238843493887541,0.34447170926048004,0.46080406817065866,4304.123938325813,5870.323471902525,7424.057634523686,43041239.38325813,70443881.6628303,103936806.8833316,2.0314449266434513,2.967620080582635,4.040303474570713,80163362.8064158,109903714.81009296,139224111.68940017,0.63926126639885,0.9640676737727453,1.3569601529181303,91759480.68527763,127233432.49082227,163226499.98145244
Google TPU v7 Q4 2025,Q4 2025,Google,TPU v7,2025-10-01,2025-12-31,5591.861418206116,6592.009730279027,7675.498630783061,95061644.10950397,131840194.60558054,168860969.87722734,0.4824126996806456,0.607545168356453,0.7292523146968575,12340.131098550439,14399.698432108755,16570.04392275417,123401310.98550439,172796381.18530506,231980614.91855836,5.824250665982508,7.279468401697948,9.017710978369616,762070937.3362107,907041722.4373044,1074601927.4420886,6.0771207124099735,7.956506337169336,10.473702996511584,83020448.86098772,103217004.22817025,124466501.2415502
NVIDIA B200 Q4 2025,Q4 2025,NVIDIA,B200,2025-10-01,2025-12-31,21003.446363585535,27442.194369093406,34156.154631060526,336055141.81736857,480238401.4591346,648966937.99015,1.8119778916311942,2.529179003098293,3.2451904461226504,26066.150669686453,32227.270350226485,38321.23004054424,338859958.70592386,547863595.9538503,766424600.8108847,12.30260798569272,16.29182703328985,20.855091178527477,1428812943.2517188,1742605827.7951365,2087074915.6971388,11.394042609662828,15.28601603329067,20.34186077677523,277484234.8591076,313934392.13564575,352103189.36078566
NVIDIA B300 Q4 2025,Q4 2025,NVIDIA,B300,2025-10-01,2025-12-31,67996.1345400648,75587.13579019811,85012.57378090014,1087938152.6410367,1322774876.328467,1615238901.8371027,5.866060758323314,6.966403421448554,8.077079964475734,76207.23715232426,82405.72787458685,88962.50948000328,990694082.9802154,1400897373.8679764,1779250189.6000657,35.9680175350203,41.65850382285591,48.41497114558002,6042173125.916037,6724253879.136165,7546928553.290215,48.18319877126026,58.98468315031723,73.55680851160054,628472453.2534109,692006282.1698124,758650214.9894717
NVIDIA H100/H200 Q4 2025,Q4 2025,NVIDIA,H100/H200,2025-10-01,2025-12-31,451.90011853304077,733.5734055426144,1022.8439900207079,7230401.896528652,12837534.596995752,19434035.81039345,0.038985650727636184,0.06760896849485376,0.09718083256569769,1055.645602565498,1713.6387178518464,2389.3792364583355,10556456.025654979,20563664.614222158,33451309.3104167,0.498239812420294,0.8662944545222604,1.3003424416099785,66764072.046708226,109414277.42306559,154807253.6475774,0.5324088679960782,0.9597743633602244,1.5088426281440293,36910892.511618726,60058672.630680755,83443311.68847175
AMD MI300X Q1 2026,Q1 2026,AMD,MI300X,2026-01-01,2026-03-31,11.815737300143363,35.94962244345156,62.073388645439806,189051.7968022938,629118.3927604023,1179394.3842633562,,,,79.64682180096635,242.32708461882163,418.42061975814977,796468.2180096635,2907925.0154258595,5857888.676614096,,,,2738839.066719911,8355311.559431473,14575903.93113155,,,,1221966.5387652623,3710896.7280478943,6428608.688580422
AMD MI325X Q1 2026,Q1 2026,AMD,MI325X,2026-01-01,2026-03-31,106.15403481965078,162.0776491864927,231.9353098370974,1698464.5571144123,2836358.860763622,4406770.886904851,,,,715.556827302831,1092.5234130348767,1563.4157922352488,7155568.27302831,13110280.956418522,21887821.091293484,,,,50543742.93694351,77348422.71434388,111198409.44981351,,,,13410198.537326304,20506866.37911089,29311046.50503048
AMD MI350X Q1 2026,Q1 2026,AMD,MI350X,2026-01-01,2026-03-31,152.8698829192983,209.36980863091011,281.957998982294,2598788.009628071,4187396.1726182024,6203075.977610468,,,,952.251979018129,1304.199432930044,1756.3633686605392,9522519.79018129,15650393.195160527,24589087.161247548,,,,70705586.61971259,103637175.88475792,144202608.71668464,,,,18849575.733315073,25826116.866193004,34723110.276592426
AMD MI355X Q1 2026,Q1 2026,AMD,MI355X,2026-01-01,2026-03-31,315.42830371541777,403.8096598372356,509.1535841391563,5362281.163162102,8076193.196744712,11201378.85106144,,,,1964.8554752272896,2515.3976727361132,3171.6025345334942,19648554.752272896,30184772.07283336,44402435.48346892,,,,134920959.72744074,186453638.71144596,247883785.1697266,,,,51909456.08241136,66362837.45033077,83633354.95840414
Amazon Trainium2 Q1 2026,Q1 2026,Amazon,Trainium2,2026-01-01,2026-03-31,1754.5150747769123,2212.0989283445315,2675.955877404412,28072241.196430597,38711731.2460293,50843161.67068383,,,,4196.215220508115,5290.6032702906705,6399.994473458884,41962152.20508115,63487239.24348804,89599922.62842438,,,,162004269.8154779,206517663.8924601,254788024.4401045,,,,124001310.78201847,156099508.16482353,188561382.6341802
Google TPU v6e Q1 2026,Q1 2026,Google,TPU v6e,2026-01-01,2026-03-31,274.59937855599395,582.8577185251786,887.0646935469382,4393590.056895903,10200010.074190626,16854229.177391827,,,,545.1306181704176,1157.0805078870212,1760.987687930218,5451306.181704177,13884966.094644254,24653827.631023053,,,,10201609.924300248,21642916.285335645,33024997.136243384,,,,19520997.658599205,41433131.8346895,63034567.72268747
Google TPU v7 Q1 2026,Q1 2026,Google,TPU v7,2026-01-01,2026-03-31,1354.9535415981247,1648.9126898016898,1970.1881269245698,23034210.20716812,32978253.796033796,43344138.79234054,,,,4438.548208687507,5401.497719965455,6453.9297570485405,44385482.08687507,64817972.63958546,90355016.59867957,,,,274896003.33928025,340329545.6677351,415250475.0368399,,,,128338598.14662457,155941892.0075855,185811586.55830917
Other Q1 2024,Q1 2024,Other,Other,2024-01-01,2024-03-31,439823.9119887193,439823.9119887193,439823.9119887193,8246698349.788487,8246698349.788487,8246698349.788487,94.38763631662262,94.38763631662262,94.38763631662262,7618.174250556745,7618.174250556745,7618.174250556745,91418091.00668095,91418091.00668095,91418091.00668095,13.022520086421787,13.022520086421787,13.022520086421787,823415372.8297272,823415372.8297272,823415372.8297272,32.93661491318909,32.93661491318909,32.93661491318909,0.0,0.0,0.0
Other Q2 2024,Q2 2024,Other,Other,2024-04-01,2024-06-30,532838.2076168733,532838.2076168733,532838.2076168733,9990716392.816374,9990716392.816374,9990716392.816374,94.1278273837395,94.1278273837395,94.1278273837395,11870.596743434537,11870.596743434537,11870.596743434537,142447160.92121443,142447160.92121443,142447160.92121443,15.517119926058218,15.517119926058218,15.517119926058218,1190441205.5649166,1190441205.5649166,1190441205.5649166,34.01260587328333,34.01260587328333,34.01260587328333,0.0,0.0,0.0
Other Q3 2024,Q3 2024,Other,Other,2024-07-01,2024-09-30,579473.343077854,579473.343077854,579473.343077854,10865125182.709763,10865125182.709763,10865125182.709763,92.49140652868549,92.49140652868549,92.49140652868549,13462.052566994418,13462.052566994418,13462.052566994418,161544630.80393302,161544630.80393302,161544630.80393302,13.598032895953956,13.598032895953956,13.598032895953956,1577559251.2464452,1577559251.2464452,1577559251.2464452,32.064212423708234,32.064212423708234,32.064212423708234,0.0,0.0,0.0
Other Q4 2024,Q4 2024,Other,Other,2024-10-01,2024-12-31,766359.738785208,766359.738785208,766359.738785208,14369245102.222649,14369245102.222649,14369245102.222649,91.6072092127127,91.6072092127127,91.6072092127127,2972.395934817978,2972.395934817978,2972.395934817978,35668751.217815734,35668751.217815734,35668751.217815734,2.5405093459982715,2.5405093459982715,2.5405093459982715,2654378524.0118647,2654378524.0118647,2654378524.0118647,35.58148155511883,35.58148155511883,35.58148155511883,0.0,0.0,0.0
Other Q1 2025,Q1 2025,Other,Other,2025-01-01,2025-03-31,681400.5241109926,681400.5241109926,681400.5241109926,12776259827.08111,12776259827.08111,12776259827.08111,89.43381878956778,89.43381878956778,89.43381878956778,1763.046844434837,1763.046844434837,1763.046844434837,21156562.133218046,21156562.133218046,21156562.133218046,1.4139724065642802,1.4139724065642802,1.4139724065642802,942595068.5426979,942595068.5426979,942595068.5426979,14.546220193560153,14.546220193560153,14.546220193560153,0.0,0.0,0.0
Other Q2 2025,Q2 2025,Other,Other,2025-04-01,2025-06-30,841446.6008120007,841446.6008120007,841446.6008120007,15777123765.225014,15777123765.225014,15777123765.225014,90.73442793888873,90.73442793888873,90.73442793888873,24803.74076975482,24803.74076975482,24803.74076975482,297644889.2370578,297644889.2370578,297644889.2370578,16.63982609291728,16.63982609291728,16.63982609291728,1568501548.7506094,1568501548.7506094,1568501548.7506094,19.955490442119714,19.955490442119714,19.955490442119714,0.0,0.0,0.0
Other Q3 2025,Q3 2025,Other,Other,2025-07-01,2025-09-30,947928.8714844331,947928.8714844331,947928.8714844331,17773666340.33312,17773666340.33312,17773666340.33312,89.86257010754296,89.86257010754296,89.86257010754296,24859.8752500478,24859.8752500478,24859.8752500478,298318503.0005736,298318503.0005736,298318503.0005736,14.333621765793325,14.333621765793325,14.333621765793325,743775535.8237076,743775535.8237076,743775535.8237076,7.854018329711801,7.854018329711801,7.854018329711801,0.0,0.0,0.0
Other Q4 2025,Q4 2025,Other,Other,2025-10-01,2025-12-31,958211.0357339237,958211.0357339237,958211.0357339237,17966456920.01107,17966456920.01107,17966456920.01107,88.31244322227907,88.31244322227907,88.31244322227907,31129.757763948466,31129.757763948466,31129.757763948466,373557093.1673816,373557093.1673816,373557093.1673816,15.737002345124026,15.737002345124026,15.737002345124026,397645382.9861717,397645382.9861717,397645382.9861717,3.488117394615541,3.488117394615541,3.488117394615541,0.0,0.0,0.0
