case_id,queue_id,project_name,modality,sensor,scene_id,observed_on,stac_item_url,source_collection,cloud_cover_pct,status,quality_flag,processing_version,latitude,longitude,coordinate_precision,metrics_json,error
AMB-NYISO-1765,1765,,optical,Sentinel-2 MSI L2A,S2B_MSIL2A_20260726T155819_R097_T18TVN_20260726T195417,2026-07-26,https://planetarycomputer.microsoft.com/api/stac/v1/collections/sentinel-2-l2a/items/S2B_MSIL2A_20260726T155819_R097_T18TVN_20260726T195417,sentinel-2-l2a,28.736275,INGESTED_DERIVED,RAW_COG_WINDOW_PROCESSED,physical-verification-v1,43.190793,-76.157056,official project coordinates,"{""ndvi_median"": 0.5312443971633911, ""ndvi_p10"": 0.13932758569717407, ""ndvi_p90"": 0.6184109449386597, ""nir_reflectance_median"": 0.44589999318122864, ""nonvegetated_proxy_fraction"": 0.12373716097702954, ""proxy_note"": ""Nonvegetated fraction is a coarse surface-change proxy; it is not a building-footprint measurement."", ""red_reflectance_median"": 0.13729999959468842, ""source_asset_keys"": [""B04"", ""B08"", ""SCL""], ""source_resolution_m"": 10.0, ""valid_pixel_count"": 261118}",
AMB-NYISO-1765,1765,,optical,Sentinel-2 MSI L2A,S2C_MSIL2A_20260926T155011_R054_T18TUN_20260926T202610,2026-09-26,https://planetarycomputer.microsoft.com/api/stac/v1/collections/sentinel-2-l2a/items/S2C_MSIL2A_20260926T155011_R054_T18TUN_20260926T202610,sentinel-2-l2a,99.867016,INGESTED_DERIVED,RAW_COG_WINDOW_PROCESSED,physical-verification-v1,43.190793,-76.157056,official project coordinates,"{""ndvi_median"": 0.1111726239323616, ""ndvi_p10"": 0.08490332216024399, ""ndvi_p90"": 0.13383647799491882, ""nir_reflectance_median"": 0.5507000088691711, ""nonvegetated_proxy_fraction"": 1.0, ""proxy_note"": ""Nonvegetated fraction is a coarse surface-change proxy; it is not a building-footprint measurement."", ""red_reflectance_median"": 0.43959999084472656, ""source_asset_keys"": [""B04"", ""B08"", ""SCL""], ""source_resolution_m"": 10.0, ""valid_pixel_count"": 262144}",
AMB-NYISO-1765,1765,,sar,Sentinel-1 GRD,S1A_IW_GRDH_1SDV_20250312T230015_20250312T230040_058278_073409,2025-03-12,https://planetarycomputer.microsoft.com/api/stac/v1/collections/sentinel-1-grd/items/S1A_IW_GRDH_1SDV_20250312T230015_20250312T230040_058278_073409,sentinel-1-grd,,INGESTED_DERIVED,RAW_COG_WINDOW_PROCESSED,physical-verification-v1,43.190793,-76.157056,official project coordinates,"{""backscatter_note"": ""Sentinel-1 GRD detected amplitude is converted to dB with 20*log10(amplitude)."", ""source_asset_keys"": [""vv"", ""vh""], ""source_resolution_m"": 1.0, ""valid_pixel_count"": 0, ""vh_db_median"": null, ""vh_db_p10"": null, ""vh_db_p90"": null, ""vv_db_median"": null, ""vv_db_p10"": null, ""vv_db_p90"": null, ""vv_vh_db_difference"": null}",
AMB-NYISO-1765,1765,,sar,Sentinel-1 GRD,S1D_IW_GRDH_1SDV_20260922T225914_20260922T225939_004697_008C7D,2026-09-22,https://planetarycomputer.microsoft.com/api/stac/v1/collections/sentinel-1-grd/items/S1D_IW_GRDH_1SDV_20260922T225914_20260922T225939_004697_008C7D,sentinel-1-grd,,INGESTED_DERIVED,RAW_COG_WINDOW_PROCESSED,physical-verification-v1,43.190793,-76.157056,official project coordinates,"{""backscatter_note"": ""Sentinel-1 GRD detected amplitude is converted to dB with 20*log10(amplitude)."", ""source_asset_keys"": [""vv"", ""vh""], ""source_resolution_m"": 1.0, ""valid_pixel_count"": 0, ""vh_db_median"": null, ""vh_db_p10"": null, ""vh_db_p90"": null, ""vv_db_median"": null, ""vv_db_p10"": null, ""vv_db_p90"": null, ""vv_vh_db_difference"": null}",
AMB-NYISO-1765,1765,,tir,Landsat Collection 2 Level-2 Surface Temperature,LC09_L2SP_015030_20260127_02_T1,2026-01-27,https://planetarycomputer.microsoft.com/api/stac/v1/collections/landsat-c2-l2/items/LC09_L2SP_015030_20260127_02_T1,landsat-c2-l2,99.91,INGESTED_DERIVED,RAW_COG_WINDOW_PROCESSED,physical-verification-v1,43.190793,-76.157056,official project coordinates,"{""local_background_temperature_k_median"": 252.93515014648438, ""local_surface_temperature_delta_k"": 0.49560546875, ""proxy_note"": ""Thermal anomaly is relative to the local scene background, not a calibrated facility heat-output measurement."", ""source_asset_key"": ""lwir11"", ""source_resolution_m"": 30.0, ""surface_temperature_k_median"": 253.43075561523438, ""surface_temperature_p10_k"": 252.23104858398438, ""surface_temperature_p90_k"": 254.8902587890625, ""valid_pixel_count"": 36864}",
AMB-NYISO-1765,1765,,tir,Landsat Collection 2 Level-2 Surface Temperature,LC09_L2SP_015030_20260924_02_T1,2026-09-24,https://planetarycomputer.microsoft.com/api/stac/v1/collections/landsat-c2-l2/items/LC09_L2SP_015030_20260924_02_T1,landsat-c2-l2,0.0,INGESTED_DERIVED,RAW_COG_WINDOW_PROCESSED,physical-verification-v1,43.190793,-76.157056,official project coordinates,"{""local_background_temperature_k_median"": 292.86444091796875, ""local_surface_temperature_delta_k"": -0.03759765625, ""proxy_note"": ""Thermal anomaly is relative to the local scene background, not a calibrated facility heat-output measurement."", ""source_asset_key"": ""lwir11"", ""source_resolution_m"": 30.0, ""surface_temperature_k_median"": 292.82684326171875, ""surface_temperature_p10_k"": 290.76580810546875, ""surface_temperature_p90_k"": 296.012451171875, ""valid_pixel_count"": 36864}",
AMB-NYISO-1745,1745,,optical,Sentinel-2 MSI L2A,S2C_MSIL2A_20260728T154811_R054_T18TWQ_20260728T205140,2026-07-28,https://planetarycomputer.microsoft.com/api/stac/v1/collections/sentinel-2-l2a/items/S2C_MSIL2A_20260728T154811_R054_T18TWQ_20260728T205140,sentinel-2-l2a,100.0,INGESTED_DERIVED,RAW_COG_WINDOW_PROCESSED,physical-verification-v1,44.9593,-74.9129,approximate street-address geocode,"{""ndvi_median"": 0.020589554682374, ""ndvi_p10"": 0.017077172175049782, ""ndvi_p90"": 0.023824842646718025, ""nir_reflectance_median"": 0.917900025844574, ""nonvegetated_proxy_fraction"": 1.0, ""proxy_note"": ""Nonvegetated fraction is a coarse surface-change proxy; it is not a building-footprint measurement."", ""red_reflectance_median"": 0.8816999793052673, ""source_asset_keys"": [""B04"", ""B08"", ""SCL""], ""source_resolution_m"": 10.0, ""valid_pixel_count"": 262144}",
AMB-NYISO-1745,1745,,optical,Sentinel-2 MSI L2A,S2C_MSIL2A_20260926T155011_R054_T18TVQ_20260926T202610,2026-09-26,https://planetarycomputer.microsoft.com/api/stac/v1/collections/sentinel-2-l2a/items/S2C_MSIL2A_20260926T155011_R054_T18TVQ_20260926T202610,sentinel-2-l2a,85.233504,INGESTED_DERIVED,RAW_COG_WINDOW_PROCESSED,physical-verification-v1,44.9593,-74.9129,approximate street-address geocode,"{""ndvi_median"": 0.06130344420671463, ""ndvi_p10"": 0.03456892445683479, ""ndvi_p90"": 0.4768470227718353, ""nir_reflectance_median"": 0.14059999585151672, ""nonvegetated_proxy_fraction"": 0.5645058222095996, ""proxy_note"": ""Nonvegetated fraction is a coarse surface-change proxy; it is not a building-footprint measurement."", ""red_reflectance_median"": 0.12489999830722809, ""source_asset_keys"": [""B04"", ""B08"", ""SCL""], ""source_resolution_m"": 10.0, ""valid_pixel_count"": 112672}",
AMB-NYISO-1745,1745,,sar,Sentinel-1 GRD,S1A_IW_GRDH_1SDV_20251102T225225_20251102T225250_061705_07B5ED,2025-11-02,https://planetarycomputer.microsoft.com/api/stac/v1/collections/sentinel-1-grd/items/S1A_IW_GRDH_1SDV_20251102T225225_20251102T225250_061705_07B5ED,sentinel-1-grd,,INGESTED_DERIVED,RAW_COG_WINDOW_PROCESSED,physical-verification-v1,44.9593,-74.9129,approximate street-address geocode,"{""backscatter_note"": ""Sentinel-1 GRD detected amplitude is converted to dB with 20*log10(amplitude)."", ""source_asset_keys"": [""vv"", ""vh""], ""source_resolution_m"": 1.0, ""valid_pixel_count"": 0, ""vh_db_median"": null, ""vh_db_p10"": null, ""vh_db_p90"": null, ""vv_db_median"": null, ""vv_db_p10"": null, ""vv_db_p90"": null, ""vv_vh_db_difference"": null}",
AMB-NYISO-1745,1745,,sar,Sentinel-1 GRD,S1C_IW_GRDH_1SDV_20260923T225120_20260923T225201_009581_013112,2026-09-23,https://planetarycomputer.microsoft.com/api/stac/v1/collections/sentinel-1-grd/items/S1C_IW_GRDH_1SDV_20260923T225120_20260923T225201_009581_013112,sentinel-1-grd,,INGESTED_DERIVED,RAW_COG_WINDOW_PROCESSED,physical-verification-v1,44.9593,-74.9129,approximate street-address geocode,"{""backscatter_note"": ""Sentinel-1 GRD detected amplitude is converted to dB with 20*log10(amplitude)."", ""source_asset_keys"": [""vv"", ""vh""], ""source_resolution_m"": 1.0, ""valid_pixel_count"": 0, ""vh_db_median"": null, ""vh_db_p10"": null, ""vh_db_p90"": null, ""vv_db_median"": null, ""vv_db_p10"": null, ""vv_db_p90"": null, ""vv_vh_db_difference"": null}",
AMB-NYISO-1745,1745,,tir,Landsat Collection 2 Level-2 Surface Temperature,LC08_L2SP_015029_20250524_02_T2,2025-05-24,https://planetarycomputer.microsoft.com/api/stac/v1/collections/landsat-c2-l2/items/LC08_L2SP_015029_20250524_02_T2,landsat-c2-l2,99.97,INGESTED_DERIVED,RAW_COG_WINDOW_PROCESSED,physical-verification-v1,44.9593,-74.9129,approximate street-address geocode,"{""local_background_temperature_k_median"": 260.5402526855469, ""local_surface_temperature_delta_k"": 0.374267578125, ""proxy_note"": ""Thermal anomaly is relative to the local scene background, not a calibrated facility heat-output measurement."", ""source_asset_key"": ""lwir11"", ""source_resolution_m"": 30.0, ""surface_temperature_k_median"": 260.9145202636719, ""surface_temperature_p10_k"": 256.6061096191406, ""surface_temperature_p90_k"": 267.69757080078125, ""valid_pixel_count"": 36864}",
AMB-NYISO-1745,1745,,tir,Landsat Collection 2 Level-2 Surface Temperature,LC09_L2SP_015029_20260924_02_T1,2026-09-24,https://planetarycomputer.microsoft.com/api/stac/v1/collections/landsat-c2-l2/items/LC09_L2SP_015029_20260924_02_T1,landsat-c2-l2,0.0,INGESTED_DERIVED,RAW_COG_WINDOW_PROCESSED,physical-verification-v1,44.9593,-74.9129,approximate street-address geocode,"{""local_background_temperature_k_median"": 291.81170654296875, ""local_surface_temperature_delta_k"": 0.123046875, ""proxy_note"": ""Thermal anomaly is relative to the local scene background, not a calibrated facility heat-output measurement."", ""source_asset_key"": ""lwir11"", ""source_resolution_m"": 30.0, ""surface_temperature_k_median"": 291.93475341796875, ""surface_temperature_p10_k"": 291.05633544921875, ""surface_temperature_p90_k"": 294.513671875, ""valid_pixel_count"": 36864}",
AMB-IESO-2026-903,2026-903,Project IQ197,,,,,,,,PHYSICAL_TARGET_UNRESOLVED,,,,,address geocode at acquisition time; retain returned geocoder result,{},
AMB-IESO-2025-854,2025-854,CPXP Sarnia Hydrogen Facility,,,,,,,,PHYSICAL_TARGET_UNRESOLVED,,,,,no exact project address established; satellite targeting withheld to avoid false precision,{},
