id,project_name,queue_id,status,jurisdiction,location,capacity_mw,raw_capacity,poi_substation,source_url,capture_date,source_scope,map_lat,map_lon,map_precision,map_source_url,map_source_capture_date,source_authority,source_sheet,source_row
BPA-L0705,Open Range,L0705,RECEIVED,US,Adams,3300,3300,"Lower Monumental-Hanford No 1
Lower Monumental-Ashe No 1
Grand Coulee-Hanford No 1",https://www.bpa.gov/-/media/Aep/transmission-media-documents/InterconnectionQueueOutput.xlsx,2026-09-28,BPA InterconnectionQueueOutput.xlsx — Line/Load load requests,46.99,-117.16,county display point,https://substationscout.com/large-load-registry/,2026-09-22,official BPA Line/Load Interconnection workbook,Sheet1,9
BPA-L0673,DOE Data Center,L0673,STUDY,"WA, US","Benton, WA",2750,2750,Ashe 500 kV Substation,https://www.bpa.gov/-/media/Aep/transmission-media-documents/InterconnectionQueueOutput.xlsx,2026-09-28,BPA InterconnectionQueueOutput.xlsx — Line/Load load requests,46.24,-119.51,county display point,https://substationscout.com/large-load-registry/,2026-09-22,official BPA Line/Load Interconnection workbook,Sheet1,54
BPA-L0653,Longhorn-McNary 230 kV Loop,L0653,STUDY,US,Umatilla and Morrow,2225,2225,"Longhorn Substation, McNary Substation",https://www.bpa.gov/-/media/Aep/transmission-media-documents/InterconnectionQueueOutput.xlsx,2026-09-28,BPA InterconnectionQueueOutput.xlsx — Line/Load load requests,45.57,-118.92,county display point,https://substationscout.com/large-load-registry/,2026-09-22,official BPA Line/Load Interconnection workbook,Sheet1,84
BPA-L0561,NW Hillsboro-North Plains Semiconductor Plants Project (Phase 2),L0561,STUDY,"OR, US","Washington, OR",1800,1800,Allston-Keeler No. 1 500kV,https://www.bpa.gov/-/media/Aep/transmission-media-documents/InterconnectionQueueOutput.xlsx,2026-09-28,BPA InterconnectionQueueOutput.xlsx — Line/Load load requests,45.55,-123.1,county display point,https://substationscout.com/large-load-registry/,2026-09-22,official BPA Line/Load Interconnection workbook,Sheet1,387
BPA-L0221,Pacific West Coast Cable,L0221,WITHDRAWN,"OR, US","Columbia, OR",1600,1600,Allston 500 kV,https://www.bpa.gov/-/media/Aep/transmission-media-documents/InterconnectionQueueOutput.xlsx,2026-09-28,BPA InterconnectionQueueOutput.xlsx — Line/Load load requests,,,,,,official BPA Line/Load Interconnection workbook,Sheet1,1310
BPA-L0555,CAC Green H2 Facility,L0555,WITHDRAWN,"WA, US","Columbia, WA",1600,1600,Allston Substation or St Johns Substation,https://www.bpa.gov/-/media/Aep/transmission-media-documents/InterconnectionQueueOutput.xlsx,2026-09-28,BPA InterconnectionQueueOutput.xlsx — Line/Load load requests,,,,,,official BPA Line/Load Interconnection workbook,Sheet1,405
BPA-L0585,McNary 230 kV Substation,L0585,STUDY,"OR, US","Linn, OR",1450,1450,McNary Substation,https://www.bpa.gov/-/media/Aep/transmission-media-documents/InterconnectionQueueOutput.xlsx,2026-09-28,BPA InterconnectionQueueOutput.xlsx — Line/Load load requests,44.5,-122.5,county display point,https://substationscout.com/large-load-registry/,2026-09-22,official BPA Line/Load Interconnection workbook,Sheet1,231
BPA-L0560,West Hillsboro Data Center Project (Phase 1),L0560,STUDY,"OR, US","Washington, OR",1400,1400,Keeler-Forest Grove No. 1 & No. 2 115kV Lines,https://www.bpa.gov/-/media/Aep/transmission-media-documents/InterconnectionQueueOutput.xlsx,2026-09-28,BPA InterconnectionQueueOutput.xlsx — Line/Load load requests,45.55,-123.1,county display point,https://substationscout.com/large-load-registry/,2026-09-22,official BPA Line/Load Interconnection workbook,Sheet1,386
BPA-L0690,Lakeside Industries,L0690,RECEIVED,"WA, US","Klickitat, WA",1260,1260,Big Eddy Substation,https://www.bpa.gov/-/media/Aep/transmission-media-documents/InterconnectionQueueOutput.xlsx,2026-09-28,BPA InterconnectionQueueOutput.xlsx — Line/Load load requests,45.87,-120.8,county display point,https://substationscout.com/large-load-registry/,2026-09-22,official BPA Line/Load Interconnection workbook,Sheet1,29
BPA-L0636,McNary 230 kV Looped,L0636,STUDY,US,Umatilla,1256,1256,McNary Substation,https://www.bpa.gov/-/media/Aep/transmission-media-documents/InterconnectionQueueOutput.xlsx,2026-09-28,BPA InterconnectionQueueOutput.xlsx — Line/Load load requests,45.59,-118.33,county display point,https://substationscout.com/large-load-registry/,2026-09-22,official BPA Line/Load Interconnection workbook,Sheet1,106
BPA-L0649,1200 MW Data Center Loads,L0649,STUDY,US,Walla Walla,1200,1200,Between #37/1 & 32/1 on the Lower Monumental-McNary 500kV line,https://www.bpa.gov/-/media/Aep/transmission-media-documents/InterconnectionQueueOutput.xlsx,2026-09-28,BPA InterconnectionQueueOutput.xlsx — Line/Load load requests,46.23,-118.48,county display point,https://substationscout.com/large-load-registry/,2026-09-22,official BPA Line/Load Interconnection workbook,Sheet1,89
BPA-L0682,Second 1200 MW Data Center Load,L0682,RECEIVED,US,Walla Walla,1200,1200,Lower Monumental-McNary No. 1 500 kV line,https://www.bpa.gov/-/media/Aep/transmission-media-documents/InterconnectionQueueOutput.xlsx,2026-09-28,BPA InterconnectionQueueOutput.xlsx — Line/Load load requests,46.23,-118.48,county display point,https://substationscout.com/large-load-registry/,2026-09-22,official BPA Line/Load Interconnection workbook,Sheet1,42
BPA-L0684,SSP-Sunset,L0684,STUDY,US,Yakima,1200,1200,Wautoma-Rock Creek No. 1 500 kV line or Spring Creek-Wine Country No. 1 230 kV line,https://www.bpa.gov/-/media/Aep/transmission-media-documents/InterconnectionQueueOutput.xlsx,2026-09-28,BPA InterconnectionQueueOutput.xlsx — Line/Load load requests,46.46,-120.74,county display point,https://substationscout.com/large-load-registry/,2026-09-22,official BPA Line/Load Interconnection workbook,Sheet1,37
BPA-L0359,PSE Cherry Point,L0359,WITHDRAWN,"WA, US","Whatcom, WA",1176.2,1176.2,Loop in of BPA Intalco-Custer #1 230 kV line,https://www.bpa.gov/-/media/Aep/transmission-media-documents/InterconnectionQueueOutput.xlsx,2026-09-28,BPA InterconnectionQueueOutput.xlsx — Line/Load load requests,,,,,,official BPA Line/Load Interconnection workbook,Sheet1,963
BPA-L0396,Industrial Load Phase 2,L0396,WITHDRAWN,"OR, US","Morrow, OR",1152,1152,BPA McNary and/or BPA Morrow Flat,https://www.bpa.gov/-/media/Aep/transmission-media-documents/InterconnectionQueueOutput.xlsx,2026-09-28,BPA InterconnectionQueueOutput.xlsx — Line/Load load requests,,,,,,official BPA Line/Load Interconnection workbook,Sheet1,888
BPA-L0521,Sixmile Canyon 500kV Substation,L0521,WITHDRAWN,"OR, US","Umatilla, OR",1050,1050,BPA's proposed Longhorn Substation,https://www.bpa.gov/-/media/Aep/transmission-media-documents/InterconnectionQueueOutput.xlsx,2026-09-28,BPA InterconnectionQueueOutput.xlsx — Line/Load load requests,,,,,,official BPA Line/Load Interconnection workbook,Sheet1,558
BPA-L0452,Keeler Substation,L0452,CONST AGRMT EXE,"OR, US","Washington, OR",1000,1000,BPA's Keeler Substation,https://www.bpa.gov/-/media/Aep/transmission-media-documents/InterconnectionQueueOutput.xlsx,2026-09-28,BPA InterconnectionQueueOutput.xlsx — Line/Load load requests,45.55,-123.1,county display point,https://substationscout.com/large-load-registry/,2026-09-22,official BPA Line/Load Interconnection workbook,Sheet1,758
BPA-L0510,Six Mile Canyon Substation,L0510,CONST AGRMT EXE,"OR, US","Umatilla, OR",1000,1000,BPA's Ashe - Slatt No.1 500 kV line,https://www.bpa.gov/-/media/Aep/transmission-media-documents/InterconnectionQueueOutput.xlsx,2026-09-28,BPA InterconnectionQueueOutput.xlsx — Line/Load load requests,45.65,-118.68,county display point,https://substationscout.com/large-load-registry/,2026-09-22,official BPA Line/Load Interconnection workbook,Sheet1,590
BPA-L0660,Two Rivers 230 kV,L0660,STUDY,US,Umatilla,1000,1000,McNary 230 kV Substation,https://www.bpa.gov/-/media/Aep/transmission-media-documents/InterconnectionQueueOutput.xlsx,2026-09-28,BPA InterconnectionQueueOutput.xlsx — Line/Load load requests,45.59,-118.33,county display point,https://substationscout.com/large-load-registry/,2026-09-22,official BPA Line/Load Interconnection workbook,Sheet1,76
BPA-L0664,Dallesport Server Farm,L0664,STUDY,"WA, US","Klickitat, WA",1000,1000,Big Eddy Substation or Big Eddy-Chenowith No. 2 230 kV line,https://www.bpa.gov/-/media/Aep/transmission-media-documents/InterconnectionQueueOutput.xlsx,2026-09-28,BPA InterconnectionQueueOutput.xlsx — Line/Load load requests,45.87,-120.8,county display point,https://substationscout.com/large-load-registry/,2026-09-22,official BPA Line/Load Interconnection workbook,Sheet1,66
BPA-L0702,Energizer II,L0702,RECEIVED,US,Klickitat,1000,1000,Rock Creek Substation at 500 kV,https://www.bpa.gov/-/media/Aep/transmission-media-documents/InterconnectionQueueOutput.xlsx,2026-09-28,BPA InterconnectionQueueOutput.xlsx — Line/Load load requests,45.87,-120.8,county display point,https://substationscout.com/large-load-registry/,2026-09-22,official BPA Line/Load Interconnection workbook,Sheet1,17
BPA-L0704,Vines Rest 1000 MW,L0704,RECEIVED,US,Klickitat,1000,1000,"McNary-John Day No. 1 500 kV line
McNary-John Day No. 2 500 kV line",https://www.bpa.gov/-/media/Aep/transmission-media-documents/InterconnectionQueueOutput.xlsx,2026-09-28,BPA InterconnectionQueueOutput.xlsx — Line/Load load requests,45.87,-120.8,county display point,https://substationscout.com/large-load-registry/,2026-09-22,official BPA Line/Load Interconnection workbook,Sheet1,10
BPA-L0699,Yellow Rosebush,L0699,STUDY,US,Wasco,970,970,Buckley Substation or Buckley-Marion No. 1 500 kV line or Ashe-Marion No. 2 500 kV line.,https://www.bpa.gov/-/media/Aep/transmission-media-documents/InterconnectionQueueOutput.xlsx,2026-09-28,BPA InterconnectionQueueOutput.xlsx — Line/Load load requests,45.18,-121.17,county display point,https://substationscout.com/large-load-registry/,2026-09-22,official BPA Line/Load Interconnection workbook,Sheet1,19
BPA-L0545,Stack IPI Data Center,L0545,STUDY,"WA, US","Klickitat, WA",958,958,RKCR-JDAY-1 or MCNY-ROSS-2 near Harvalum Substation,https://www.bpa.gov/-/media/Aep/transmission-media-documents/InterconnectionQueueOutput.xlsx,2026-09-28,BPA InterconnectionQueueOutput.xlsx — Line/Load load requests,45.87,-120.8,county display point,https://substationscout.com/large-load-registry/,2026-09-22,official BPA Line/Load Interconnection workbook,Sheet1,441
BPA-L0703,Plymouth 950 MW,L0703,RECEIVED,"WA, US","Benton, WA",950,950,"McNary-John Day No. 2 500 kV line or McNary-Ross No. 1 345 k
V line or McNary-Horse Heaven No. 1 230 kV",https://www.bpa.gov/-/media/Aep/transmission-media-documents/InterconnectionQueueOutput.xlsx,2026-09-28,BPA InterconnectionQueueOutput.xlsx — Line/Load load requests,46.24,-119.51,county display point,https://substationscout.com/large-load-registry/,2026-09-22,official BPA Line/Load Interconnection workbook,Sheet1,12
BPA-L0621,West Richland Data Center Campus,L0621,STUDY,"WA, US","Benton, WA",912,912,Ashe-Slatt No 1 500 kV line; Ashe-Marion No 2 500 kV line,https://www.bpa.gov/-/media/Aep/transmission-media-documents/InterconnectionQueueOutput.xlsx,2026-09-28,BPA InterconnectionQueueOutput.xlsx — Line/Load load requests,46.24,-119.51,county display point,https://substationscout.com/large-load-registry/,2026-09-22,official BPA Line/Load Interconnection workbook,Sheet1,120
BPA-L0622,Plymouth Data Center Campus,L0622,WITHDRAWN,"WA, US","Benton, WA",864,864,McNary-John Day No. 2 500 kV line,https://www.bpa.gov/-/media/Aep/transmission-media-documents/InterconnectionQueueOutput.xlsx,2026-09-28,BPA InterconnectionQueueOutput.xlsx — Line/Load load requests,,,,,,official BPA Line/Load Interconnection workbook,Sheet1,121
BPA-L0685,Wind River - Plymouth 230 kV,L0685,STUDY,US,Benton,800,800,McNary-John Day No. 2 500 kV line,https://www.bpa.gov/-/media/Aep/transmission-media-documents/InterconnectionQueueOutput.xlsx,2026-09-28,BPA InterconnectionQueueOutput.xlsx — Line/Load load requests,46.24,-119.51,county display point,https://substationscout.com/large-load-registry/,2026-09-22,official BPA Line/Load Interconnection workbook,Sheet1,36
BPA-L0586,Longhorn 230 kV Substation,L0586,STUDY,"OR, US","Linn, OR",750,750,Longhorn Substation,https://www.bpa.gov/-/media/Aep/transmission-media-documents/InterconnectionQueueOutput.xlsx,2026-09-28,BPA InterconnectionQueueOutput.xlsx — Line/Load load requests,44.5,-122.5,county display point,https://substationscout.com/large-load-registry/,2026-09-22,official BPA Line/Load Interconnection workbook,Sheet1,228
BPA-L0659,Woodburn 700 MW,L0659,STUDY,US,Marion,700,700,Big Eddy-Chemawa No 1 230 kV line,https://www.bpa.gov/-/media/Aep/transmission-media-documents/InterconnectionQueueOutput.xlsx,2026-09-28,BPA InterconnectionQueueOutput.xlsx — Line/Load load requests,44.92,-122.8,county display point,https://substationscout.com/large-load-registry/,2026-09-22,official BPA Line/Load Interconnection workbook,Sheet1,77
BPA-L0701,PARS - Clatskanie,L0701,RECEIVED,US,Columbia,680,680,TBD,https://www.bpa.gov/-/media/Aep/transmission-media-documents/InterconnectionQueueOutput.xlsx,2026-09-28,BPA InterconnectionQueueOutput.xlsx — Line/Load load requests,45.98,-123.1,county display point,https://substationscout.com/large-load-registry/,2026-09-22,official BPA Line/Load Interconnection workbook,Sheet1,16
BPA-L0511,Ponderay Renewable Fiber and Blockchain Center Expansion,L0511,WITHDRAWN,"WA, US","Pend Oreille, WA",600,600,BPA's Usk Substation,https://www.bpa.gov/-/media/Aep/transmission-media-documents/InterconnectionQueueOutput.xlsx,2026-09-28,BPA InterconnectionQueueOutput.xlsx — Line/Load load requests,,,,,,official BPA Line/Load Interconnection workbook,Sheet1,580
BPA-L0572,GLP Data Center,L0572,WITHDRAWN,"WA, US","Benton, WA",600,600,McNary-John Day No 2 500kV line,https://www.bpa.gov/-/media/Aep/transmission-media-documents/InterconnectionQueueOutput.xlsx,2026-09-28,BPA InterconnectionQueueOutput.xlsx — Line/Load load requests,,,,,,official BPA Line/Load Interconnection workbook,Sheet1,325
BPA-L0661,Steelhead 230 kV,L0661,STUDY,"OR, US","Morrow, OR",600,600,Sixmile Canyon Substation at 230 kV,https://www.bpa.gov/-/media/Aep/transmission-media-documents/InterconnectionQueueOutput.xlsx,2026-09-28,BPA InterconnectionQueueOutput.xlsx — Line/Load load requests,,,,,,official BPA Line/Load Interconnection workbook,Sheet1,71
BPA-L0679,DPUD Data Center,L0679,WITHDRAWN,"WA, US","Chelan, WA",600,600,Rocky Reach-Columbia No. 1 230 kV line or Rocky Reach-Maple Valley No. 1 345 kV line,https://www.bpa.gov/-/media/Aep/transmission-media-documents/InterconnectionQueueOutput.xlsx,2026-09-28,BPA InterconnectionQueueOutput.xlsx — Line/Load load requests,,,,,,official BPA Line/Load Interconnection workbook,Sheet1,48
BPA-L0201,Juan de Fuca HVDC (Port Angeles),L0201,STUDY COMPLETED,"WA, US","Clallam, WA",550,550,Port Angeles 230 kV,https://www.bpa.gov/-/media/Aep/transmission-media-documents/InterconnectionQueueOutput.xlsx,2026-09-28,BPA InterconnectionQueueOutput.xlsx — Line/Load load requests,,,,,,official BPA Line/Load Interconnection workbook,Sheet1,1323
BPA-L0202,Juan de Fuca HVDC (Fairmount),L0202,STUDY COMPLETED,"WA, US","Jefferson, WA",550,550,Fairmount 230 kV,https://www.bpa.gov/-/media/Aep/transmission-media-documents/InterconnectionQueueOutput.xlsx,2026-09-28,BPA InterconnectionQueueOutput.xlsx — Line/Load load requests,,,,,,official BPA Line/Load Interconnection workbook,Sheet1,1324
BPA-L0426,Wallula 500kV,L0426,WITHDRAWN,"WA, US","Walla Walla, WA",500,500,Lower Monumental-McNary 500kV line,https://www.bpa.gov/-/media/Aep/transmission-media-documents/InterconnectionQueueOutput.xlsx,2026-09-28,BPA InterconnectionQueueOutput.xlsx — Line/Load load requests,,,,,,official BPA Line/Load Interconnection workbook,Sheet1,806
BPA-L0482,Morrow Flat_Longhorn,L0482,ENERGIZED,"OR, US","Umatilla, OR",500,500,Morrow Flat 230kV Substation,https://www.bpa.gov/-/media/Aep/transmission-media-documents/InterconnectionQueueOutput.xlsx,2026-09-28,BPA InterconnectionQueueOutput.xlsx — Line/Load load requests,,,,,,official BPA Line/Load Interconnection workbook,Sheet1,671
BPA-L0583,Lochner Substation,L0583,WITHDRAWN,"OR, US","Linn, OR",500,500,Albany-Lebanon 115kV line,https://www.bpa.gov/-/media/Aep/transmission-media-documents/InterconnectionQueueOutput.xlsx,2026-09-28,BPA InterconnectionQueueOutput.xlsx — Line/Load load requests,,,,,,official BPA Line/Load Interconnection workbook,Sheet1,264
BPA-L0674,Starbuck 500 MW,L0674,STUDY,"WA, US","Columbia, WA",500,500,Central Ferry-Lower Monumental No. 1 500 kV line,https://www.bpa.gov/-/media/Aep/transmission-media-documents/InterconnectionQueueOutput.xlsx,2026-09-28,BPA InterconnectionQueueOutput.xlsx — Line/Load load requests,,,,,,official BPA Line/Load Interconnection workbook,Sheet1,53
BPA-L0499,Project Pivot and Specialized,L0499,STUDY,"OR, US","Umatilla, OR",484,484,McNary Substation,https://www.bpa.gov/-/media/Aep/transmission-media-documents/InterconnectionQueueOutput.xlsx,2026-09-28,BPA InterconnectionQueueOutput.xlsx — Line/Load load requests,,,,,,official BPA Line/Load Interconnection workbook,Sheet1,627
BPA-L0389,Industrial Load,L0389,ENERGIZED,"OR, US","Morrow, OR",450,450,Mcnary Substation or Morrow Flat Substation,https://www.bpa.gov/-/media/Aep/transmission-media-documents/InterconnectionQueueOutput.xlsx,2026-09-28,BPA InterconnectionQueueOutput.xlsx — Line/Load load requests,,,,,,official BPA Line/Load Interconnection workbook,Sheet1,908
BPA-L0481,McNary 230kV,L0481,CONST AGRMT EXE,"OR, US","Umatilla, OR",450,450,"McNary 230kV, Bay 28",https://www.bpa.gov/-/media/Aep/transmission-media-documents/InterconnectionQueueOutput.xlsx,2026-09-28,BPA InterconnectionQueueOutput.xlsx — Line/Load load requests,,,,,,official BPA Line/Load Interconnection workbook,Sheet1,672
BPA-L0514,Quantum Loophole,L0514,WITHDRAWN,"WA, US","Cowlitz, WA",400,400,BPA's Longview Substation,https://www.bpa.gov/-/media/Aep/transmission-media-documents/InterconnectionQueueOutput.xlsx,2026-09-28,BPA InterconnectionQueueOutput.xlsx — Line/Load load requests,,,,,,official BPA Line/Load Interconnection workbook,Sheet1,573
BPA-L0594,Hy2Gen,L0594,WITHDRAWN,"WA, US","Cowlitz, WA",380,380,BPA's Longview Substation,https://www.bpa.gov/-/media/Aep/transmission-media-documents/InterconnectionQueueOutput.xlsx,2026-09-28,BPA InterconnectionQueueOutput.xlsx — Line/Load load requests,,,,,,official BPA Line/Load Interconnection workbook,Sheet1,157
BPA-L0614,Hy2Gen Phase 2,L0614,WITHDRAWN,"WA, US","Cowlitz, WA",380,380,Longview Substation,https://www.bpa.gov/-/media/Aep/transmission-media-documents/InterconnectionQueueOutput.xlsx,2026-09-28,BPA InterconnectionQueueOutput.xlsx — Line/Load load requests,,,,,,official BPA Line/Load Interconnection workbook,Sheet1,132
BPA-L0417,Boundary Substation,L0417,STUDY,"WA, US","Pend Oreille, WA",370,370,Boundary Substation,https://www.bpa.gov/-/media/Aep/transmission-media-documents/InterconnectionQueueOutput.xlsx,2026-09-28,BPA InterconnectionQueueOutput.xlsx — Line/Load load requests,,,,,,official BPA Line/Load Interconnection workbook,Sheet1,824
BPA-L0640,Exeter 230 kV,L0640,WITHDRAWN,US,Lewis,360,360,Chehalis Substation,https://www.bpa.gov/-/media/Aep/transmission-media-documents/InterconnectionQueueOutput.xlsx,2026-09-28,BPA InterconnectionQueueOutput.xlsx — Line/Load load requests,,,,,,official BPA Line/Load Interconnection workbook,Sheet1,101
BPA-L0534,Atlas Agro,L0534,STUDY COMPLETED,"WA, US","Benton, WA",350,350,Benton-White Bluffs No 1 line or White Bluffs-Richland No 1 line,https://www.bpa.gov/-/media/Aep/transmission-media-documents/InterconnectionQueueOutput.xlsx,2026-09-28,BPA InterconnectionQueueOutput.xlsx — Line/Load load requests,,,,,,official BPA Line/Load Interconnection workbook,Sheet1,508
BPA-L0598,Green Hydrogen Project,L0598,WITHDRAWN,"WA, US","Whatcom, WA",304,304,Intalco Substation,https://www.bpa.gov/-/media/Aep/transmission-media-documents/InterconnectionQueueOutput.xlsx,2026-09-28,BPA InterconnectionQueueOutput.xlsx — Line/Load load requests,,,,,,official BPA Line/Load Interconnection workbook,Sheet1,153
BPA-L0380,Network Load Expansion 3,L0380,ENERGIZED,"OR, US","Wasco, OR",300,300,Chenoweth Substation,https://www.bpa.gov/-/media/Aep/transmission-media-documents/InterconnectionQueueOutput.xlsx,2026-09-28,BPA InterconnectionQueueOutput.xlsx — Line/Load load requests,,,,,,official BPA Line/Load Interconnection workbook,Sheet1,929
BPA-L0392,Ponderosa Substation,L0392,WITHDRAWN,"OR, US","Crook, OR",300,300,BPA's Ponderosa Substation,https://www.bpa.gov/-/media/Aep/transmission-media-documents/InterconnectionQueueOutput.xlsx,2026-09-28,BPA InterconnectionQueueOutput.xlsx — Line/Load load requests,,,,,,official BPA Line/Load Interconnection workbook,Sheet1,900
BPA-L0433,Network Load Expansion 4 Quenett Creek Substation,L0433,ENERGIZED,"OR, US","Wasco, OR",300,300,Quenett Creek Substation,https://www.bpa.gov/-/media/Aep/transmission-media-documents/InterconnectionQueueOutput.xlsx,2026-09-28,BPA InterconnectionQueueOutput.xlsx — Line/Load load requests,,,,,,official BPA Line/Load Interconnection workbook,Sheet1,798
BPA-L0446,Rainbow Energy,L0446,WITHDRAWN,"MT, US","Flathead, MT",300,300,Conkelley Substation,https://www.bpa.gov/-/media/Aep/transmission-media-documents/InterconnectionQueueOutput.xlsx,2026-09-28,BPA InterconnectionQueueOutput.xlsx — Line/Load load requests,,,,,,official BPA Line/Load Interconnection workbook,Sheet1,772
BPA-L0470,New Rail Loop Load,L0470,WITHDRAWN,"WA, US","Clark, WA",300,300,TBD,https://www.bpa.gov/-/media/Aep/transmission-media-documents/InterconnectionQueueOutput.xlsx,2026-09-28,BPA InterconnectionQueueOutput.xlsx — Line/Load load requests,,,,,,official BPA Line/Load Interconnection workbook,Sheet1,709
BPA-L0477,Cherry Point Load,L0477,WITHDRAWN,"WA, US","Whatcom, WA",300,300,Either Custer 230 kV or Intalco 230 kV,https://www.bpa.gov/-/media/Aep/transmission-media-documents/InterconnectionQueueOutput.xlsx,2026-09-28,BPA InterconnectionQueueOutput.xlsx — Line/Load load requests,,,,,,official BPA Line/Load Interconnection workbook,Sheet1,685
BPA-L0494,Ponderary Renewable Fiber and Blockchain Project,L0494,ENERGIZED,"WA, US","Pend Oreille, WA",300,300,Usk Substation,https://www.bpa.gov/-/media/Aep/transmission-media-documents/InterconnectionQueueOutput.xlsx,2026-09-28,BPA InterconnectionQueueOutput.xlsx — Line/Load load requests,,,,,,official BPA Line/Load Interconnection workbook,Sheet1,636
BPA-L0519,L0519 Mt. Solo Industrial Project,L0519,WITHDRAWN,"WA, US","Cowlitz, WA",300,300,BPA's Longview Substation 230 kV,https://www.bpa.gov/-/media/Aep/transmission-media-documents/InterconnectionQueueOutput.xlsx,2026-09-28,BPA InterconnectionQueueOutput.xlsx — Line/Load load requests,,,,,,official BPA Line/Load Interconnection workbook,Sheet1,563
BPA-L0543,Bonanza,L0543,STUDY,"OR, US","Crook, OR",300,300,Ponderosa Substation,https://www.bpa.gov/-/media/Aep/transmission-media-documents/InterconnectionQueueOutput.xlsx,2026-09-28,BPA InterconnectionQueueOutput.xlsx — Line/Load load requests,,,,,,official BPA Line/Load Interconnection workbook,Sheet1,444
BPA-L0558,Stearns Lane,L0558,STUDY,"OR, US","Washington, OR",300,300,BPA's Green Valley Substation,https://www.bpa.gov/-/media/Aep/transmission-media-documents/InterconnectionQueueOutput.xlsx,2026-09-28,BPA InterconnectionQueueOutput.xlsx — Line/Load load requests,,,,,,official BPA Line/Load Interconnection workbook,Sheet1,394
BPA-L0568,Fortescue,L0568,WITHDRAWN,"WA, US","Lewis, WA",300,300,Chehalis-Covington No. 1 230 kV line,https://www.bpa.gov/-/media/Aep/transmission-media-documents/InterconnectionQueueOutput.xlsx,2026-09-28,BPA InterconnectionQueueOutput.xlsx — Line/Load load requests,,,,,,official BPA Line/Load Interconnection workbook,Sheet1,338
BPA-L0603,Getchell Substation,L0603,STUDY,"WA, US","Snohomish, WA",300,300,Snohomish-Murray 230kV line,https://www.bpa.gov/-/media/Aep/transmission-media-documents/InterconnectionQueueOutput.xlsx,2026-09-28,BPA InterconnectionQueueOutput.xlsx — Line/Load load requests,,,,,,official BPA Line/Load Interconnection workbook,Sheet1,148
BPA-L0630,Data Storage Facility,L0630,STUDY,"WA, US","Walla Walla, WA",300,300,Lower Monumental-McNary No. 1 500 kV line,https://www.bpa.gov/-/media/Aep/transmission-media-documents/InterconnectionQueueOutput.xlsx,2026-09-28,BPA InterconnectionQueueOutput.xlsx — Line/Load load requests,,,,,,official BPA Line/Load Interconnection workbook,Sheet1,113
BPA-L0647,Atlas Agro Data Server Facility,L0647,STUDY,"WA, US","Benton, WA",300,300,Benton-White Bluffs No 1 line or White Bluffs-Richland No 1 line,https://www.bpa.gov/-/media/Aep/transmission-media-documents/InterconnectionQueueOutput.xlsx,2026-09-28,BPA InterconnectionQueueOutput.xlsx — Line/Load load requests,,,,,,official BPA Line/Load Interconnection workbook,Sheet1,92
BPA-L0650,300 MW Data Center Load Served from Grizzly,L0650,STUDY,US,Jefferson,300,300,Grizzly Substation,https://www.bpa.gov/-/media/Aep/transmission-media-documents/InterconnectionQueueOutput.xlsx,2026-09-28,BPA InterconnectionQueueOutput.xlsx — Line/Load load requests,,,,,,official BPA Line/Load Interconnection workbook,Sheet1,88
BPA-L0657,"Atlas Agro Data Server Facility, Phase 2",L0657,STUDY,"WA, US","Benton, WA",300,300,Benton-White Bluffs No 1 line or White Bluffs-Richland No 1 line,https://www.bpa.gov/-/media/Aep/transmission-media-documents/InterconnectionQueueOutput.xlsx,2026-09-28,BPA InterconnectionQueueOutput.xlsx — Line/Load load requests,,,,,,official BPA Line/Load Interconnection workbook,Sheet1,79
BPA-L0700,PARS - MW&L,L0700,RECEIVED,US,Yamhill,300,300,TBD,https://www.bpa.gov/-/media/Aep/transmission-media-documents/InterconnectionQueueOutput.xlsx,2026-09-28,BPA InterconnectionQueueOutput.xlsx — Line/Load load requests,,,,,,official BPA Line/Load Interconnection workbook,Sheet1,18
BPA-L0489,Aberdeen Biodiesel,L0489,WITHDRAWN,"WA, US","Grays Harbor, WA",275,275,Aberdeen Substation 230 kV,https://www.bpa.gov/-/media/Aep/transmission-media-documents/InterconnectionQueueOutput.xlsx,2026-09-28,BPA InterconnectionQueueOutput.xlsx — Line/Load load requests,,,,,,official BPA Line/Load Interconnection workbook,Sheet1,645
BPA-L0385,Southend Load,L0385,WITHDRAWN,"WA, US","Cowlitz, WA",250,250,"Kalama 115kV Sub Phase 1, then Longview 230kV Sub in next phase",https://www.bpa.gov/-/media/Aep/transmission-media-documents/InterconnectionQueueOutput.xlsx,2026-09-28,BPA InterconnectionQueueOutput.xlsx — Line/Load load requests,,,,,,official BPA Line/Load Interconnection workbook,Sheet1,916
BPA-L0397,L0397 Clatskanie PUD Allston,L0397,WITHDRAWN,"OR, US","Columbia, OR",250,250,BPA's Allston Substation,https://www.bpa.gov/-/media/Aep/transmission-media-documents/InterconnectionQueueOutput.xlsx,2026-09-28,BPA InterconnectionQueueOutput.xlsx — Line/Load load requests,,,,,,official BPA Line/Load Interconnection workbook,Sheet1,882
BPA-L0527,Bull Road Data Center,L0527,WITHDRAWN,"WA, US","Kittitas, WA",250,250,Ellensburg-Moxee No 1 115kV line,https://www.bpa.gov/-/media/Aep/transmission-media-documents/InterconnectionQueueOutput.xlsx,2026-09-28,BPA InterconnectionQueueOutput.xlsx — Line/Load load requests,,,,,,official BPA Line/Load Interconnection workbook,Sheet1,545
BPA-L0533,Sunbreak,L0533,WITHDRAWN,"OR, US","Crook, OR",250,250,Ponderosa Substation,https://www.bpa.gov/-/media/Aep/transmission-media-documents/InterconnectionQueueOutput.xlsx,2026-09-28,BPA InterconnectionQueueOutput.xlsx — Line/Load load requests,,,,,,official BPA Line/Load Interconnection workbook,Sheet1,507
BPA-L0610,PW1 & PW2,L0610,STUDY,"WA, US","Columbia, WA",250,250,Allston Substation,https://www.bpa.gov/-/media/Aep/transmission-media-documents/InterconnectionQueueOutput.xlsx,2026-09-28,BPA InterconnectionQueueOutput.xlsx — Line/Load load requests,,,,,,official BPA Line/Load Interconnection workbook,Sheet1,138
BPA-L0666,WA CEC Blue-Green Hydrogen Plant,L0666,WITHDRAWN,US,Cowlitz,250,250,Longview Substation,https://www.bpa.gov/-/media/Aep/transmission-media-documents/InterconnectionQueueOutput.xlsx,2026-09-28,BPA InterconnectionQueueOutput.xlsx — Line/Load load requests,,,,,,official BPA Line/Load Interconnection workbook,Sheet1,64
BPA-L0668,ATP TES Data Server,L0668,RECEIVED,US,Benton,250,250,Benton Substation 115 kV,https://www.bpa.gov/-/media/Aep/transmission-media-documents/InterconnectionQueueOutput.xlsx,2026-09-28,BPA InterconnectionQueueOutput.xlsx — Line/Load load requests,,,,,,official BPA Line/Load Interconnection workbook,Sheet1,60
BPA-L0601,Trammel Crow Data Center,L0601,WITHDRAWN,"WA, US","Cowlitz, WA",240,240,Longview Substation,https://www.bpa.gov/-/media/Aep/transmission-media-documents/InterconnectionQueueOutput.xlsx,2026-09-28,BPA InterconnectionQueueOutput.xlsx — Line/Load load requests,,,,,,official BPA Line/Load Interconnection workbook,Sheet1,150
BPA-L0677,TC KERR Data Center,L0677,STUDY,"WA, US","Cowlitz, WA",240,240,Longview Substation,https://www.bpa.gov/-/media/Aep/transmission-media-documents/InterconnectionQueueOutput.xlsx,2026-09-28,BPA InterconnectionQueueOutput.xlsx — Line/Load load requests,,,,,,official BPA Line/Load Interconnection workbook,Sheet1,50
BPA-L0693,230 kV Feed from Longview Substation to Alcoa,L0693,STUDY,"WA, US","Cowlitz,, WA",240,240,Cowlitz Substation,https://www.bpa.gov/-/media/Aep/transmission-media-documents/InterconnectionQueueOutput.xlsx,2026-09-28,BPA InterconnectionQueueOutput.xlsx — Line/Load load requests,,,,,,official BPA Line/Load Interconnection workbook,Sheet1,26
BPA-L0698,PARS - Betsy Johnson Substation (POD 4514),L0698,RECEIVED,US,Columbia,240,240,TBD,https://www.bpa.gov/-/media/Aep/transmission-media-documents/InterconnectionQueueOutput.xlsx,2026-09-28,BPA InterconnectionQueueOutput.xlsx — Line/Load load requests,,,,,,official BPA Line/Load Interconnection workbook,Sheet1,21
BPA-L0472,Project Bald Eagle,L0472,WITHDRAWN,"WA, US","Clark, WA",230,230,BPA Sifton Substation,https://www.bpa.gov/-/media/Aep/transmission-media-documents/InterconnectionQueueOutput.xlsx,2026-09-28,BPA InterconnectionQueueOutput.xlsx — Line/Load load requests,,,,,,official BPA Line/Load Interconnection workbook,Sheet1,704
BPA-L0351,PDX-1 and PDX-4 Data Centers - Phase 2,L0351,ENERGIZED,"OR, US","Morrow, OR",225,225,Morrow Flats Substation,https://www.bpa.gov/-/media/Aep/transmission-media-documents/InterconnectionQueueOutput.xlsx,2026-09-28,BPA InterconnectionQueueOutput.xlsx — Line/Load load requests,,,,,,official BPA Line/Load Interconnection workbook,Sheet1,978
BPA-L0644,225 MW at Usk Substation,L0644,STUDY,"WA, US","Pend Oreille, WA",225,225,Usk Substation,https://www.bpa.gov/-/media/Aep/transmission-media-documents/InterconnectionQueueOutput.xlsx,2026-09-28,BPA InterconnectionQueueOutput.xlsx — Line/Load load requests,,,,,,official BPA Line/Load Interconnection workbook,Sheet1,97
BPA-L0422,Project Vitesse 2,L0422,CONST AGRMT EXE,"OR, US","Crook, OR",220,220,Ponderosa 230kV Substataion,https://www.bpa.gov/-/media/Aep/transmission-media-documents/InterconnectionQueueOutput.xlsx,2026-09-28,BPA InterconnectionQueueOutput.xlsx — Line/Load load requests,,,,,,official BPA Line/Load Interconnection workbook,Sheet1,810
BPA-L0429,HiTest 2-Furnace Plant,L0429,WITHDRAWN,"WA, US","Pend Oreille, WA",210,210,Pine Street Substation,https://www.bpa.gov/-/media/Aep/transmission-media-documents/InterconnectionQueueOutput.xlsx,2026-09-28,BPA InterconnectionQueueOutput.xlsx — Line/Load load requests,,,,,,official BPA Line/Load Interconnection workbook,Sheet1,802
BPA-L0497,Energizer Data Center Expanded Capacity,L0497,STUDY COMPLETED,"WA, US","Klickitat, WA",200,200,KPUD Energizer Substation,https://www.bpa.gov/-/media/Aep/transmission-media-documents/InterconnectionQueueOutput.xlsx,2026-09-28,BPA InterconnectionQueueOutput.xlsx — Line/Load load requests,,,,,,official BPA Line/Load Interconnection workbook,Sheet1,630
BPA-L0631,Hyundai Load,L0631,STUDY,US,Lane,200,200,Lane Substation or Eugene-Alvey No 2 115kV line,https://www.bpa.gov/-/media/Aep/transmission-media-documents/InterconnectionQueueOutput.xlsx,2026-09-28,BPA InterconnectionQueueOutput.xlsx — Line/Load load requests,,,,,,official BPA Line/Load Interconnection workbook,Sheet1,112
BPA-L0658,200 MW Data Center Load,L0658,STUDY,US,Crook,200,200,"Ponderosa-Pilot Butte 230 kV No 1 line
Ponderosa-Corral 230 kV No line",https://www.bpa.gov/-/media/Aep/transmission-media-documents/InterconnectionQueueOutput.xlsx,2026-09-28,BPA InterconnectionQueueOutput.xlsx — Line/Load load requests,,,,,,official BPA Line/Load Interconnection workbook,Sheet1,78
BPA-L0662,"200 MW Data Center, Phase 2",L0662,STUDY,US,Crook,200,200,"Ponderosa-Pilot Butte 230 kV No 1 line, Ponderosa-Corral 230 kV No line",https://www.bpa.gov/-/media/Aep/transmission-media-documents/InterconnectionQueueOutput.xlsx,2026-09-28,BPA InterconnectionQueueOutput.xlsx — Line/Load load requests,,,,,,official BPA Line/Load Interconnection workbook,Sheet1,69
BPA-L0688,Garrison Updgrades,L0688,RECEIVED,US,Silver Bow,200,200,Garrison Substation,https://www.bpa.gov/-/media/Aep/transmission-media-documents/InterconnectionQueueOutput.xlsx,2026-09-28,BPA InterconnectionQueueOutput.xlsx — Line/Load load requests,,,,,,official BPA Line/Load Interconnection workbook,Sheet1,31
BPA-L0694,PARS – Forest Grove Substation,L0694,RECEIVED,US,Washington,200,200,Forest Grove Substation,https://www.bpa.gov/-/media/Aep/transmission-media-documents/InterconnectionQueueOutput.xlsx,2026-09-28,BPA InterconnectionQueueOutput.xlsx — Line/Load load requests,,,,,,official BPA Line/Load Interconnection workbook,Sheet1,22
BPA-L0695,PARS – Filbert Substation,L0695,RECEIVED,US,Washington,200,200,Forest Grove-McMinnville No. 1 115 kV line,https://www.bpa.gov/-/media/Aep/transmission-media-documents/InterconnectionQueueOutput.xlsx,2026-09-28,BPA InterconnectionQueueOutput.xlsx — Line/Load load requests,,,,,,official BPA Line/Load Interconnection workbook,Sheet1,23
BPA-L0498,Project Litespeed,L0498,WITHDRAWN,"OR, US","Gilliam, OR",185,185,BPA's Boardman - Alkali No.1 115 kV line,https://www.bpa.gov/-/media/Aep/transmission-media-documents/InterconnectionQueueOutput.xlsx,2026-09-28,BPA InterconnectionQueueOutput.xlsx — Line/Load load requests,,,,,,official BPA Line/Load Interconnection workbook,Sheet1,629
BPA-L0691,Meadowlark Expansion,L0691,STUDY,"OR, US","Washington, OR",180,180,Forest Grove-McMinnville No. 1 115 kV line,https://www.bpa.gov/-/media/Aep/transmission-media-documents/InterconnectionQueueOutput.xlsx,2026-09-28,BPA InterconnectionQueueOutput.xlsx — Line/Load load requests,,,,,,official BPA Line/Load Interconnection workbook,Sheet1,28
BPA-L0273,Beverly Park Expansion,L0273,WITHDRAWN,"WA, US","Snohomish, WA",178,178,Snohomish Substation,https://www.bpa.gov/-/media/Aep/transmission-media-documents/InterconnectionQueueOutput.xlsx,2026-09-28,BPA InterconnectionQueueOutput.xlsx — Line/Load load requests,,,,,,official BPA Line/Load Interconnection workbook,Sheet1,1257
BPA-L0537,Mixed Use Load,L0537,WITHDRAWN,"WA, US","Spokane, WA",170,170,Usk Substation,https://www.bpa.gov/-/media/Aep/transmission-media-documents/InterconnectionQueueOutput.xlsx,2026-09-28,BPA InterconnectionQueueOutput.xlsx — Line/Load load requests,,,,,,official BPA Line/Load Interconnection workbook,Sheet1,464
BPA-L0260,Midstate LaPine Addition,L0260,ENERGIZED,"OR, US","Deschutes, OR",163,163,LaPine Substation,https://www.bpa.gov/-/media/Aep/transmission-media-documents/InterconnectionQueueOutput.xlsx,2026-09-28,BPA InterconnectionQueueOutput.xlsx — Line/Load load requests,,,,,,official BPA Line/Load Interconnection workbook,Sheet1,1268
BPA-L0411,Project Quantum,L0411,WITHDRAWN,"WA, US","Clark, WA",160,160,BPA's Sifton Substation,https://www.bpa.gov/-/media/Aep/transmission-media-documents/InterconnectionQueueOutput.xlsx,2026-09-28,BPA InterconnectionQueueOutput.xlsx — Line/Load load requests,,,,,,official BPA Line/Load Interconnection workbook,Sheet1,839
BPA-L0436,Harvalum,L0436,CONST AGRMT EXE,"WA, US","Klickitat, WA",160,160,Harvalum Substation,https://www.bpa.gov/-/media/Aep/transmission-media-documents/InterconnectionQueueOutput.xlsx,2026-09-28,BPA InterconnectionQueueOutput.xlsx — Line/Load load requests,,,,,,official BPA Line/Load Interconnection workbook,Sheet1,792
BPA-L0629,Basalt 230 kV Load,L0629,STUDY,"OR, US","Umatilla, OR",154,154,McNary Substation via McNary-Wanapa Switching Station No 1 230 kV line,https://www.bpa.gov/-/media/Aep/transmission-media-documents/InterconnectionQueueOutput.xlsx,2026-09-28,BPA InterconnectionQueueOutput.xlsx — Line/Load load requests,,,,,,official BPA Line/Load Interconnection workbook,Sheet1,114
BPA-L0496,Birch Data Center,L0496,WITHDRAWN,"OR, US","Yamhill, OR",150,150,Keeler/Forest Grove 115 #1 & 2,https://www.bpa.gov/-/media/Aep/transmission-media-documents/InterconnectionQueueOutput.xlsx,2026-09-28,BPA InterconnectionQueueOutput.xlsx — Line/Load load requests,,,,,,official BPA Line/Load Interconnection workbook,Sheet1,631
BPA-L0611,Kitsap Peninsula Load,L0611,STUDY,"WA, US","Kitsap, WA",150,150,Kitsap Substation,https://www.bpa.gov/-/media/Aep/transmission-media-documents/InterconnectionQueueOutput.xlsx,2026-09-28,BPA InterconnectionQueueOutput.xlsx — Line/Load load requests,,,,,,official BPA Line/Load Interconnection workbook,Sheet1,136
BPA-L0535,Lithium Nevada,L0535,STUDY COMPLETED,"NV, US","Humboldt, NV",142.7,142.7,BPA's 115 kV breaker at NVE's Winnemucca Substation,https://www.bpa.gov/-/media/Aep/transmission-media-documents/InterconnectionQueueOutput.xlsx,2026-09-28,BPA InterconnectionQueueOutput.xlsx — Line/Load load requests,,,,,,official BPA Line/Load Interconnection workbook,Sheet1,506
BPA-L0680,Denio Junction 139 MW,L0680,STUDY,"NV, US","Humboldt, NV",138.9,138.9,Planned BPA NOB Substation.   TBD.,https://www.bpa.gov/-/media/Aep/transmission-media-documents/InterconnectionQueueOutput.xlsx,2026-09-28,BPA InterconnectionQueueOutput.xlsx — Line/Load load requests,,,,,,official BPA Line/Load Interconnection workbook,Sheet1,45
BPA-L0637,125 MW 115 kV Sacajawea Tap,L0637,BPA COMPLETED,"WA, US","Walla Walla, WA",125,125,,https://www.bpa.gov/-/media/Aep/transmission-media-documents/InterconnectionQueueOutput.xlsx,2026-09-28,BPA InterconnectionQueueOutput.xlsx — Line/Load load requests,,,,,,official BPA Line/Load Interconnection workbook,Sheet1,105
BPA-L0669,DLS 125 MW,L0669,STUDY,US,Wasco,125,125,Chenoweth Substation,https://www.bpa.gov/-/media/Aep/transmission-media-documents/InterconnectionQueueOutput.xlsx,2026-09-28,BPA InterconnectionQueueOutput.xlsx — Line/Load load requests,,,,,,official BPA Line/Load Interconnection workbook,Sheet1,59
BPA-L0686,NewSun 124 MW La Pine,L0686,STUDY,US,Deschutes,124,124,LaPine Substation,https://www.bpa.gov/-/media/Aep/transmission-media-documents/InterconnectionQueueOutput.xlsx,2026-09-28,BPA InterconnectionQueueOutput.xlsx — Line/Load load requests,,,,,,official BPA Line/Load Interconnection workbook,Sheet1,34
BPA-L0427,Industrial Park,L0427,WITHDRAWN,"ID, US","Kootenai, ID",120,120,"Bell-Taft 500kV #1, Mile 77 Tower 4 OR Lancaster 230kV Substation",https://www.bpa.gov/-/media/Aep/transmission-media-documents/InterconnectionQueueOutput.xlsx,2026-09-28,BPA InterconnectionQueueOutput.xlsx — Line/Load load requests,,,,,,official BPA Line/Load Interconnection workbook,Sheet1,804
BPA-L0448,Briones,L0448,STUDY,"OR, US","Crook, OR",120,120,PAC system downstream from BPA Ponderosa Substation,https://www.bpa.gov/-/media/Aep/transmission-media-documents/InterconnectionQueueOutput.xlsx,2026-09-28,BPA InterconnectionQueueOutput.xlsx — Line/Load load requests,,,,,,official BPA Line/Load Interconnection workbook,Sheet1,769
BPA-L0454,Morrow Flat,L0454,BPA COMPLETED,"OR, US","Morrow, OR",120,120,BPA Morrow Flat Substation,https://www.bpa.gov/-/media/Aep/transmission-media-documents/InterconnectionQueueOutput.xlsx,2026-09-28,BPA InterconnectionQueueOutput.xlsx — Line/Load load requests,,,,,,official BPA Line/Load Interconnection workbook,Sheet1,751
BPA-L0460,Carborundum Substation Upgrade,L0460,WITHDRAWN,"WA, US","Clark, WA",120,120,Ross-Carborundum No. 1 115 kV,https://www.bpa.gov/-/media/Aep/transmission-media-documents/InterconnectionQueueOutput.xlsx,2026-09-28,BPA InterconnectionQueueOutput.xlsx — Line/Load load requests,,,,,,official BPA Line/Load Interconnection workbook,Sheet1,729
BPA-L0352,PDX-2 Data Center - Phase 2,L0352,ENERGIZED,"OR, US","Morrow, OR",117,117,BPA McNary,https://www.bpa.gov/-/media/Aep/transmission-media-documents/InterconnectionQueueOutput.xlsx,2026-09-28,BPA InterconnectionQueueOutput.xlsx — Line/Load load requests,,,,,,official BPA Line/Load Interconnection workbook,Sheet1,979
BPA-L0361,Network Load Expansion Phase 2,L0361,ENERGIZED,"OR, US","Wasco, OR",112,112,Discovery Substation,https://www.bpa.gov/-/media/Aep/transmission-media-documents/InterconnectionQueueOutput.xlsx,2026-09-28,BPA InterconnectionQueueOutput.xlsx — Line/Load load requests,,,,,,official BPA Line/Load Interconnection workbook,Sheet1,960
BPA-L0596,Nucor Steel Mill,L0596,WITHDRAWN,"WA, US","Cowlitz, WA",110,110,Longview Substation,https://www.bpa.gov/-/media/Aep/transmission-media-documents/InterconnectionQueueOutput.xlsx,2026-09-28,BPA InterconnectionQueueOutput.xlsx — Line/Load load requests,,,,,,official BPA Line/Load Interconnection workbook,Sheet1,155
BPA-L0536,Lake Street Data Center,L0536,WITHDRAWN,"OR, US","Washington, OR",108,108,Keeler-Forest Grove No 2 115kV line,https://www.bpa.gov/-/media/Aep/transmission-media-documents/InterconnectionQueueOutput.xlsx,2026-09-28,BPA InterconnectionQueueOutput.xlsx — Line/Load load requests,,,,,,official BPA Line/Load Interconnection workbook,Sheet1,478
BPA-L0428,HiTest 2-Furnace Plant,L0428,WITHDRAWN,"WA, US","Pend Oreille, WA",105,105,Pine Street Substation,https://www.bpa.gov/-/media/Aep/transmission-media-documents/InterconnectionQueueOutput.xlsx,2026-09-28,BPA InterconnectionQueueOutput.xlsx — Line/Load load requests,,,,,,official BPA Line/Load Interconnection workbook,Sheet1,803
BPA-L0602,Forge Ahead 105 MW,L0602,WITHDRAWN,"WA, US","Columbia, WA",105,105,White Bluffs 115kV Substation,https://www.bpa.gov/-/media/Aep/transmission-media-documents/InterconnectionQueueOutput.xlsx,2026-09-28,BPA InterconnectionQueueOutput.xlsx — Line/Load load requests,,,,,,official BPA Line/Load Interconnection workbook,Sheet1,149
BPA-L0609,PW1 & PW2,L0609,STUDY,"WA, US","Columbia, WA",105,105,Allston Substation,https://www.bpa.gov/-/media/Aep/transmission-media-documents/InterconnectionQueueOutput.xlsx,2026-09-28,BPA InterconnectionQueueOutput.xlsx — Line/Load load requests,,,,,,official BPA Line/Load Interconnection workbook,Sheet1,137
BPA-L0331,CEC POD at Ponderosa,L0331,WITHDRAWN,"OR, US","Crook, OR",100,100,BPA Ponderosa Substation,https://www.bpa.gov/-/media/Aep/transmission-media-documents/InterconnectionQueueOutput.xlsx,2026-09-28,BPA InterconnectionQueueOutput.xlsx — Line/Load load requests,,,,,,official BPA Line/Load Interconnection workbook,Sheet1,1021
BPA-L0338,Worden Substation,L0338,ENERGIZED,"WA, US","Franklin, WA",100,100,BPA's Franklin-Walla Walla 115kV Line 13/6,https://www.bpa.gov/-/media/Aep/transmission-media-documents/InterconnectionQueueOutput.xlsx,2026-09-28,BPA InterconnectionQueueOutput.xlsx — Line/Load load requests,,,,,,official BPA Line/Load Interconnection workbook,Sheet1,1001
BPA-L0393,Finley Butte Substation,L0393,STUDY,"OR, US","Deschutes, OR",100,100,LaPine 115kV Bus,https://www.bpa.gov/-/media/Aep/transmission-media-documents/InterconnectionQueueOutput.xlsx,2026-09-28,BPA InterconnectionQueueOutput.xlsx — Line/Load load requests,,,,,,official BPA Line/Load Interconnection workbook,Sheet1,899
BPA-L0405,McNary-Badger Canyon,L0405,CONST AGRMT EXE,"OR, US","Umatilla, OR",100,100,BPA's McNary Substation 115kV,https://www.bpa.gov/-/media/Aep/transmission-media-documents/InterconnectionQueueOutput.xlsx,2026-09-28,BPA InterconnectionQueueOutput.xlsx — Line/Load load requests,,,,,,official BPA Line/Load Interconnection workbook,Sheet1,850
BPA-L0484,Spearfish Data Center,L0484,WITHDRAWN,"WA, US","Klickitat, WA",100,100,Klickitat PUD's Spearfish Substation,https://www.bpa.gov/-/media/Aep/transmission-media-documents/InterconnectionQueueOutput.xlsx,2026-09-28,BPA InterconnectionQueueOutput.xlsx — Line/Load load requests,,,,,,official BPA Line/Load Interconnection workbook,Sheet1,668
BPA-L0539,Gardiner Hydrogen Production Facility,L0539,WITHDRAWN,"OR, US","Douglas, OR",100,100,Gardiner Substation,https://www.bpa.gov/-/media/Aep/transmission-media-documents/InterconnectionQueueOutput.xlsx,2026-09-28,BPA InterconnectionQueueOutput.xlsx — Line/Load load requests,,,,,,official BPA Line/Load Interconnection workbook,Sheet1,457
BPA-L0548,Project Osprey,L0548,WITHDRAWN,"WA, US","Clark, WA",100,100,Sifton Substation,https://www.bpa.gov/-/media/Aep/transmission-media-documents/InterconnectionQueueOutput.xlsx,2026-09-28,BPA InterconnectionQueueOutput.xlsx — Line/Load load requests,,,,,,official BPA Line/Load Interconnection workbook,Sheet1,434
BPA-L0551,CREA-Central Ferry,L0551,STUDY,"WA, US","Garfield, WA",100,100,Central Ferry Substation,https://www.bpa.gov/-/media/Aep/transmission-media-documents/InterconnectionQueueOutput.xlsx,2026-09-28,BPA InterconnectionQueueOutput.xlsx — Line/Load load requests,,,,,,official BPA Line/Load Interconnection workbook,Sheet1,426
BPA-L0639,Exeter 69 kV,L0639,WITHDRAWN,US,Lewis,100,100,Chehalis Substation,https://www.bpa.gov/-/media/Aep/transmission-media-documents/InterconnectionQueueOutput.xlsx,2026-09-28,BPA InterconnectionQueueOutput.xlsx — Line/Load load requests,,,,,,official BPA Line/Load Interconnection workbook,Sheet1,102
BPA-L0683,CPI Lochner Substation 100 MW,L0683,STUDY,US,Benton,100,100,Albany-Lebanon No. 1 115 kV line,https://www.bpa.gov/-/media/Aep/transmission-media-documents/InterconnectionQueueOutput.xlsx,2026-09-28,BPA InterconnectionQueueOutput.xlsx — Line/Load load requests,,,,,,official BPA Line/Load Interconnection workbook,Sheet1,43
