id,status,what_is_published,public_layers,next_blocker,accounting_note
"CAISO","partial","Historical cluster series and 14 CAISO large-load project records; current complete public queue snapshot file is not present on main.","data/caiso_cluster_history.json,data/caiso_public_queue.json","Successful retrieval and row-level preservation of the current Public Queue Report and historical cluster/serial workbooks.","Statuses describe public-data coverage, not whether the physical large-load universe itself is complete. No source is promoted to a facility row unless its identity and relevant fields are actually supported."
"MISO","partial","Current 3,873-row public queue plus 153 >=100 MW records in an explicit unlocated worklist; 83 were separately retained in the expanded-known additive scope.","data/miso_unresolved_large_loads.json,data/miso_public_queue.json","Resolve site identity/location from utility, regulatory, developer or interconnection evidence without inventing geography.","Statuses describe public-data coverage, not whether the physical large-load universe itself is complete. No source is promoted to a facility row unless its identity and relevant fields are actually supported."
"PJM","partial","28 Load Analysis Subcommittee utility submission materials from 2025-2026 plus transition/cycle aggregate evidence.","data/pjm_large_load_submission_history.json,data/supplemental_aggregate_map.json","Obtain stable public current Cycle Service Request snapshot and project-level large-load/customer records; PJM's Large Load Registry is not yet a public per-request database.","Statuses describe public-data coverage, not whether the physical large-load universe itself is complete. No source is promoted to a facility row unless its identity and relevant fields are actually supported."
"ERCOT","partial","Current generator GIS core, Batch Zero public forms/process, and three named secondary data-center interconnection records now linked to ERCOT queue IDs.","data/project_level_extractions.json,data/supplemental_large_load_evidence.json","Enumerate public Batch Zero/RIOO submissions where the underlying response is actually public.","Statuses describe public-data coverage, not whether the physical large-load universe itself is complete. No source is promoted to a facility row unless its identity and relevant fields are actually supported."
"SPP","partial","3,076-row active public GI queue and dedicated HILL process/source layer.","data/spp_public_queue.json,data/supplemental_large_load_evidence.json","Extract discrete HILL/customer records when public study/service documents expose them.","Statuses describe public-data coverage, not whether the physical large-load universe itself is complete. No source is promoted to a facility row unless its identity and relevant fields are actually supported."
"NYISO","partial","21 named/crosswalked Load Project site records plus 31 Gold Book load records; current complete queue snapshot file is not present on main.","data/project_level_extractions.json,data/nyiso_public_queue.json","Successful retrieval of the official workbook and full site crosswalk.","Statuses describe public-data coverage, not whether the physical large-load universe itself is complete. No source is promoted to a facility row unless its identity and relevant fields are actually supported."
"ISO-NE","partial","Two forecast large-load project records and source-level CELT material.","data/project_level_extractions.json,data/supplemental_large_load_evidence.json","Recover project-specific study/service milestones from filings where public.","Statuses describe public-data coverage, not whether the physical large-load universe itself is complete. No source is promoted to a facility row unless its identity and relevant fields are actually supported."
"AESO","expanded","All 28 retained Data Load project rows have project ID, project name, public planning-area/town, capacity/DTS and status; customer remains unknown when undisclosed.","data/project_level_extractions.json","Match the 28 project IDs to publicly named customers/proponents where evidence exists.","Statuses describe public-data coverage, not whether the physical large-load universe itself is complete. No source is promoted to a facility row unless its identity and relevant fields are actually supported."
"IESO_ON","expanded","Six named current load/increase-load application records plus the 2,074-row application-status universe and OEB CCIM context.","data/project_level_extractions.json,data/supplemental_large_load_evidence.json","Systematically crosswalk IESO/OEB/municipal evidence to facility identities and distribution connection records.","Statuses describe public-data coverage, not whether the physical large-load universe itself is complete. No source is promoted to a facility row unless its identity and relevant fields are actually supported."
"UTILITIES_OUTSIDE_MARKETS","expanded","253 project-level records, 252 mapped project pins in the project map layer, 62 aggregate/historical map footprints, and 58 supplemental evidence units.","data/project_level_extractions.json,data/project_level_map.json,data/supplemental_aggregate_map.json,data/supplemental_large_load_evidence.json","Continue utility-by-utility docket/service/permit extraction and de-duplicate against organized-market queues.","Statuses describe public-data coverage, not whether the physical large-load universe itself is complete. No source is promoted to a facility row unless its identity and relevant fields are actually supported."
