id,record_type,facility_name,country,region,capacity_mw,status,source_class,source_url,overlap_status,research_action
DCI-IND-001,facility_candidate,Adani & Google Visakhapatnam AI Campus,India,Andhra Pradesh,1000,under_construction,first_party,https://blog.google/intl/en-in/google-ai-hub-scaling-indias-ai-infrastructure-and-community-impact/,likely_new_or_split_campus,Verify whether the gigawatt-scale hub is one campus or multiple counted campuses before promotion.
DCI-IND-002,facility_candidate,NTT DATA / Neysa Telangana AI Data Center Cluster,India,Telangana,400,announced,secondary_discovery,https://datacenterindex.ai/projects?country=India,unresolved_overlap,Cluster/program; requires campus-level decomposition and primary-source verification.
DCI-IND-003,facility_candidate,Yotta D2 AI Supercluster,India,Uttar Pradesh,250,under_construction,secondary_discovery,https://datacenterindex.ai/projects?country=India,unresolved_overlap,"Verify exact campus boundary, power scope and source date."
DCI-IND-004,facility_candidate,Reliance Jio Jamnagar AI Mega Campus,India,Gujarat,,under_construction,secondary_discovery,https://datacenterindex.ai/projects?country=India,unresolved_overlap,Capacity not stated in cited public index row; seek operator/source filing.
DCI-CHN-001,facility_candidate,Baidu AI Cloud Yanqi Lake,China,Beijing,600,operational,secondary_discovery,https://aidatacenterindex.com/countries/china/,unresolved_overlap,Cross-check against Baidu/Beijing source and Epoch coverage before promotion.
DCI-CHN-002,facility_candidate,Huawei Cloud Guizhou AI Data Center,China,Guizhou,400,operational,secondary_discovery,https://aidatacenterindex.com/countries/china/,unresolved_overlap,Seek Huawei/local-government primary source and establish campus boundary.
DCI-CHN-003,facility_candidate,Tencent Tianjin AI Data Center,China,Tianjin,300,tracked; verify,secondary_discovery,https://aidatacenterindex.com/countries/china/,unresolved_overlap,Validate exact site and current operating status.
DCI-CHN-004,facility_candidate,ByteDance Volcengine Inner Mongolia Horinger,China,Inner Mongolia,100,tracked; verify,secondary_discovery,https://aidatacenterindex.com/countries/china/,unresolved_overlap,Check whether this is distinct from other Horinger entries.
DCI-CHN-005,facility_candidate,DeepSeek AI Training Cluster,China,Inner Mongolia,100,reported,secondary_discovery,https://aidatacenterindex.com/countries/china/,unresolved_overlap,Treat as reported lead until primary or local planning evidence is found.
DCI-CHN-006,facility_candidate,SenseTime Lin-gang AI Data Center,China,Shanghai,,operational,first_party_public_sector,https://english.shanghai.gov.cn/en-Latest-WhatsNew/20240415/82400f77d757431699873ebff2bfc2d6.html,unresolved_overlap,Operational status and 8.1 EFLOPS deployed are publicly reported; MW remains to be established.
DCI-CHN-007,cluster_program_candidate,ByteDance Ulanqab AI data-center expansion,China,Inner Mongolia,5500,reported_pipeline,reported_secondary,https://www.scmp.com/tech/big-tech/article/3366220/bytedance-expand-massive-ai-data-centre-cluster-inner-mongolia-source-says,unresolved_overlap,Reported 5–6 GW cluster; not a single facility. Keep separate from facility census.
DCI-CHN-008,facility_candidate,Z.ai 1 GW AI data center,China,Unknown,1000,reported_partially_online,reported_secondary,https://www.tomshardware.com/tech-industry/artificial-intelligence/z-ai-finishes-building-1gw-data-center-in-china-with-chinese-chips,unresolved_overlap,"Validate exact location, campus identity and operating phase."
DCI-MYS-001,facility_candidate,ByteDance Johor AI Data Center,Malaysia,Johor,500,under_construction,secondary_discovery,https://datacenterindex.ai/projects?country=Malaysia,unresolved_overlap,Verify distinct site identity versus DayOne/Johor records.
DCI-THA-001,facility_candidate,ByteDance Thailand AI Data Hub,Thailand,Thailand,400,under_construction,secondary_discovery,https://datacenterindex.ai/projects?country=Thailand,unresolved_overlap,"Verify exact site, operator entity and source capacity."
DCI-MYS-002,facility_candidate,Oracle Malaysia AI Data Center,Malaysia,Malaysia,500,tracked; verify,secondary_discovery,https://datacenterindex.ai/projects?country=Malaysia,unresolved_overlap,Verify whether 500 MW is campus capacity or broader program scope.
DCI-MYS-003,facility_candidate,YTL / NVIDIA Johor AI Data Center,Malaysia,Johor,500,tracked; verify,secondary_discovery,https://datacenterindex.ai/projects?country=Malaysia,unresolved_overlap,Resolve campus boundary and whether capacity overlaps another Johor project.
DCI-USA-001,facility_candidate,AWS Pennsylvania AI data center,United States,Pennsylvania,1920,tracked; verify,secondary_discovery,https://aidatacenterindex.com/countries/united-states/,unresolved_overlap,Potential overlap with Amazon Pennsylvania records; entity-resolve before adding.
DCI-USA-002,facility_candidate,Vantage Frontier Shackelford,United States,Texas,1400,tracked; verify,secondary_discovery,https://aidatacenterindex.com/countries/united-states/,unresolved_overlap,Verify exact campus and build phase.
DCI-CAN-001,facility_candidate,Wonder Valley Off-Grid AI Data Center Park,Canada,Alberta,7500,planned,secondary_discovery,https://datacenterindex.ai/,unresolved_overlap,"Large proposed campus; verify planning status, power scope and exact project entity."
DCI-UAE-001,facility_candidate,G42 Stargate UAE–US AI Campus,United Arab Emirates,Abu Dhabi,5000,under_construction,secondary_discovery,https://datacenterindex.ai/,unresolved_overlap,Separate campus from individual 200 MW Stargate cluster and other UAE projects.
DCI-SAU-001,facility_candidate,DataVolt NEOM Oxagon AI data center,Saudi Arabia,Oxagon,1500,tracked; verify,secondary_discovery,https://aidatacenterindex.com/,unresolved_overlap,Establish whether 1.5 GW is full campus or phase/program capacity.
DCI-BRA-001,facility_candidate,Scala AI City — Eldorado do Sul,Brazil,Rio Grande do Sul,4750,planned,secondary_discovery,https://datacenterindex.ai/,unresolved_overlap,"Treat 4.75 GW as authorized/planned campus scope, not delivered load."
DCI-FRA-001,facility_candidate,Mistral Campus AI / MGX,France,Hauts-de-France,1400,tracked; verify,secondary_discovery,https://aidatacenterindex.com/,unresolved_overlap,Verify campus/program boundary and source capacity.
DCI-ROU-001,facility_candidate,Romania Black Sea AI Gigafactory,Romania,Romania,1500,tracked; verify,secondary_discovery,https://aidatacenterindex.com/,unresolved_overlap,"Verify project entity, phase boundary and public source."
DCI-POL-001,facility_candidate,Microsoft Azure Poland Central,Poland,Masovian,500,operational,secondary_discovery,https://datacenterindex.ai/projects?country=Poland,unresolved_overlap,Likely cloud/AI-relevant rather than AI-only; classify workload separately.
DCI-GBR-001,facility_candidate,Microsoft Azure UK South Region,United Kingdom,Greater London,500,operational,secondary_discovery,https://datacenterindex.ai/projects?country=United%20Kingdom,unresolved_overlap,Likely cloud/AI-relevant rather than AI-only; classify workload separately.
DCI-BRA-002,facility_candidate,Microsoft São Paulo AI Infrastructure,Brazil,São Paulo,500,operational,secondary_discovery,https://datacenterindex.ai/projects?country=Brazil,unresolved_overlap,Verify whether figure is site-specific or program capacity.
DCI-USA-003,facility_candidate,Microsoft Goodyear AI/data-center infrastructure,United States,Arizona,500,tracked; verify,secondary_discovery,https://datacenterindex.ai/projects?state=AZ,unresolved_overlap,Verify campus identity and whether 500 MW is full-build scope.
DCI-USA-004,facility_candidate,Microsoft Quincy AI/data-center infrastructure,United States,Washington,500,tracked; verify,secondary_discovery,https://datacenterindex.ai/projects?state=WA,unresolved_overlap,Verify campus identity and AI workload designation.
DCI-SWE-001,facility_candidate,Microsoft Sweden Central AI/data-center infrastructure,Sweden,Sweden,500,tracked; verify,secondary_discovery,https://datacenterindex.ai/projects?country=Sweden,unresolved_overlap,Verify exact campus and whether 500 MW is full-build.
DCI-JPN-001,facility_candidate,Microsoft Japan AI data centers,Japan,Japan,500,tracked; verify,secondary_discovery,https://datacenterindex.ai/projects?country=Japan,unresolved_overlap,Program/campus boundary needs primary-source confirmation.
DCI-JPN-002,facility_candidate,AWS Tokyo AI/data-center infrastructure,Japan,Tokyo,500,tracked; verify,secondary_discovery,https://datacenterindex.ai/projects?country=Japan,unresolved_overlap,Classify AI-specific versus general cloud capacity.
DCI-USA-005,facility_candidate,Meta Hyperion,United States,Louisiana,5000,under_construction,secondary_discovery,https://datacenterindex.ai/projects/meta-hyperion,already_in_epoch,"Already represented in the current Epoch/93-site layer; retain as cross-source corroboration, not a new row."
