id,label,records,mapped_records,records_ge_100mw,unresolved_ge_100_location,geometry,additive_to_core,file,source_capture_date,status,notes
"CORE_REGISTRY","Core row-level registry","1558","1558",,,"county/zone or state/province display centroids","true",,,,"Layer counts are not summed across overlays. Missing map coordinates never receive invented site geography; the one unlocated project-level record (Woostor LLC) is represented only through a labeled Alabama regional contract footprint."
"PROJECT_LEVEL","Project-level evidence","253","252",,,"project/city/county/site-area display geography","false","data/project_level_map.json",,,"Layer counts are not summed across overlays. Missing map coordinates never receive invented site geography; the one unlocated project-level record (Woostor LLC) is represented only through a labeled Alabama regional contract footprint."
"SUPPLEMENTAL_AGGREGATES","Aggregate / historical evidence","62","62",,,"regional/county/state evidence footprints","false","data/supplemental_aggregate_map.json",,,"Layer counts are not summed across overlays. Missing map coordinates never receive invented site geography; the one unlocated project-level record (Woostor LLC) is represented only through a labeled Alabama regional contract footprint."
"EPOCH_AI","Epoch AI frontier sites","93","93",,,"state/country/site display points from public address","false","data/epoch_ai_map.json",,,"Layer counts are not summed across overlays. Missing map coordinates never receive invented site geography; the one unlocated project-level record (Woostor LLC) is represented only through a labeled Alabama regional contract footprint."
"CONNECTION_TARGETS","Epoch connection research targets","93","93",,,"same site geometry as Epoch layer","false","data/epoch_connection_research_targets.json",,,"Layer counts are not summed across overlays. Missing map coordinates never receive invented site geography; the one unlocated project-level record (Woostor LLC) is represented only through a labeled Alabama regional contract footprint."
"MISO_COMPLETE_QUEUE","MISO complete public queue","3873",,"2997","153","queue record mapped where public location exists; unresolved records remain non-spatial","false","data/miso_public_queue.json",,,"Layer counts are not summed across overlays. Missing map coordinates never receive invented site geography; the one unlocated project-level record (Woostor LLC) is represented only through a labeled Alabama regional contract footprint."
"SPP_ACTIVE_QUEUE","SPP active public queue","3076",,"2332",,"queue record geography","false","data/spp_public_queue.json",,,"Layer counts are not summed across overlays. Missing map coordinates never receive invented site geography; the one unlocated project-level record (Woostor LLC) is represented only through a labeled Alabama regional contract footprint."
"CAISO_COMPLETE_QUEUE","CAISO complete public queue",,,,,"county/state-derived when snapshot present","false","data/caiso_public_queue.json",,"snapshot not currently present on main","Layer counts are not summed across overlays. Missing map coordinates never receive invented site geography; the one unlocated project-level record (Woostor LLC) is represented only through a labeled Alabama regional contract footprint."
"NYISO_COMPLETE_QUEUE","NYISO complete public queue",,,,,"county/state-derived when snapshot present","false","data/nyiso_public_queue.json",,"snapshot not currently present on main","Layer counts are not summed across overlays. Missing map coordinates never receive invented site geography; the one unlocated project-level record (Woostor LLC) is represented only through a labeled Alabama regional contract footprint."
"PJM_CYCLE_QUEUE","PJM Cycle Service Request universe",,,,,"public export-derived geography when snapshot present","false","data/pjm_cycle_public_queue.json",,"snapshot not currently present on main","Layer counts are not summed across overlays. Missing map coordinates never receive invented site geography; the one unlocated project-level record (Woostor LLC) is represented only through a labeled Alabama regional contract footprint."
"BPA_LARGE_LOAD","BPA large-load request layer","457",,,,"project/POI geography where public source supports it","false",,"2026-09-23",,"Layer counts are not summed across overlays. Missing map coordinates never receive invented site geography; the one unlocated project-level record (Woostor LLC) is represented only through a labeled Alabama regional contract footprint."
