id,status,core_rows,additional_requests,additional_capacity_mw,project_records_added,application_universe,source_urls,scope,captured,notes
"CAISO","historical_cluster_and_current_large_load_project_layers_expanded","63",,,"14",,"[""https://www.caiso.com/generation-transmission/generation/generator-interconnection"",""https://stakeholdercenter.caiso.com/InitiativeDocuments/Presentation-PGE-2025-2026Transmissionplanningprocess-Sep2525.pdf""]","Historical cluster series plus all 11 publicly identified LC24 data-center loads (840 MW) and all 3 publicly identified serial San Jose data-center loads (700 MW) from PG&E/CAISO public transmission-planning material.","2026-09-26","The 14 load-project records are now individually represented. Their coordinates are planning-area display points based on the public load-pocket geography; they are not exact facility addresses. Historical generator queue clusters remain a distinct non-additive history layer."
"MISO","83_large_load_requests_unresolved_location","404","83","35900",,,"[""https://www.misoenergy.org/api/giqueue/getprojects"",""https://extranet.misoenergy.org/planning/resource-utilization/generator-interconnection/""]","Current public endpoint exposes 83 additional >=100 MW requests in the captured dataset but the required state/location fields are absent from the public response used by this registry.","2026-09-19","The 83 are held outside row-level core and included only in expanded-known accounting. MISO also states detailed project information is constrained until a GIA is filed with FERC."
"PJM","service_request_universe_documented_large_load_per_request_not_established","37",,,,,"[""https://www.pjm.com/planning/service-requests"",""https://www.pjm.com/planning/service-requests/application-and-forms"",""https://www.pjm.com/markets-and-operations/etools/oasis/system-information""]","PJM publicly exposes serial and cycle service-request tables for generation, merchant transmission and long-term firm transmission service. The public generation tables are not a large-load queue; a separate public per-load-request dataset was not established.","2026-09-26","Historical/current service-request evolution is documented; large-load aggregate transparency remains subject to the FERC proceeding and PJM publication process."
"ERCOT","batch_zero_and_large_load_process_documented_per_request_public_enumeration_limited","714",,,,,"[""https://www.ercot.com/services/rq/large-load-integration"",""https://www.ercot.com/services/comm/mkt_notices/M-A090926-01"",""https://www.ercot.com/misapp/GetReports.do""]","ERCOT Batch Zero applies to eligible >=75 MW large loads; September 2026 verification RFIs were issued to a majority of conditionally included ILLEs. ERCOT's public process page publishes forms and guidance, but completed RFI responses are not an open per-project dataset.","2026-09-26","No individual Batch Zero rows are invented. Monthly GIS remains the public generator-side interconnection dataset, distinct from large-load intake."
"SPP","project_generation_queue_complete_large_load_process_layer","139",,,,,"[""https://opsportal.spp.org/Studies/GIActive"",""https://www.spp.org/largeload/"",""https://www.spp.org/spp-documents-filings/?id=540500""]","SPP publishes a detailed active generator-interconnection listing and a dedicated HILL framework for large loads, including data centers. The public HILL page provides process/study architecture rather than a per-load customer table.","2026-09-26","The load/customer layer is preserved as process and filing evidence; SPP MDAG materials confirm the HILL/HILLGA processes are operating under FERC-approved Docket ER26-247, but the public HILL page does not enumerate a complete customer-level load table."
"NYISO","named_load_project_extraction_expanded","105",,,"21",,"[""https://www.nyiso.com/interconnections"",""https://www.nyiso.com/documents/20142/2226333/2025-Gold-Book-Public.pdf/088438e1-02f1-5316-211b-dbca17c01b4b""]","NYISO publishes a dedicated Load Projects tab in its public interconnection queue. Independent current-readable mirrors expose queue ID, developer, project, MW, county and POI; 12 named load projects are now linked into the project-level extraction layer.","2026-09-26","The accessible public universe remains larger than the 12 individually mapped records in this first crosswalk; the source population and accounting are retained rather than claiming a complete facility match."
"ISO-NE","forecast_project_records_present_study_stage_not_public","19",,,"2",,"[""https://www.iso-ne.com/static-assets/documents/100033/fx2026_large_loads.pdf""]","ISO-NE's public 2026 large-load forecast names a 200 MW data-center project in NEMA and an additional large electrification project, but does not provide the per-project maturity/status ladder needed for a full study-stage history.","2026-09-26","Public forecast/project identity evidence is preserved; no study stage is inferred from forecast inclusion."
"AESO","28_data_load_projects_named_and_geolocated_customer_still_undisclosed","47",,,"28",,"[""https://www.aeso.ca/grid/transmission-projects/connection-project-reporting/"",""https://gridlens.ca/queue""]","All 28 Data Load rows from the retained September 2026 queue extraction now have project IDs, names, requested/contract-capacity values and public planning-area/town identities in the project layer.","2026-09-26","The public row still does not identify the commercial customer/proponent for these 28 projects. That field remains explicitly unknown rather than inferred."
"IESO_ON","current_load_application_extraction_expanded","30",,,"6","2074","[""https://ieso.ca/Sector-Participants/Connection-Process/Application-Status"",""https://ieso.ca/Sector-Participants/Planning-and-Forecasting"",""https://www.oeb.ca/ontarios-energy-sector/centralized-capacity-information-map""]","IESO application status publishes a large connection universe with applicant, name, zone, type, size, target date and status. Six current load/increase-load records are now in the project layer.","2026-09-26","Technical feasibility reports may be confidential; OEB CCIM is preserved as a distribution-capacity context layer rather than a fabricated customer list."
"UTILITIES_OUTSIDE_RTO_ISO","named_and_aggregate_utility_evidence_expanded",,,,"235",,"[""https://www.deq.virginia.gov/news-info/shortcuts/permits/air/issued-air-permits-for-data-centers"",""https://docs.aep.com/docs/newsroom/resources/earnings/2026-05/1Q26EarningsReleasePresentation.pdf"",""https://psc.ga.gov/search/facts-document/?documentId=228337"",""https://www.entergy.com/news/hut-8-selects-entergy-southeast-louisiana-for-10-billion-artificial-intelligence-data-center"",""https://alectrautilities.com/VaughanMTS6""]","Utility, regulator and permit sources beyond the nine organized markets are preserved as discrete projects where public identity is exposed, plus non-additive aggregate demand/service evidence.","2026-09-26","Project-level layer now includes 33 Virginia DEQ permits, 35 BPA large-load request records, 28 AESO data-load projects, 12 NYISO load projects, six IESO load applications, eight AEP named projects, two EEI projects, and three named utility-service/contract/distribution records."
