queue_id,capacity_mw,status,queue_date,study_cycle,study_phase,research_query,source_url,reason
"J4176","1750","Withdrawn","2025-10-06T23:46:01+00:00","DPP-2025","Phase 1","MISO J4176 large load data center","https://www.misoenergy.org/api/giqueue/getprojects","Public queue response lacks one or more site-identity/location fields required for a site-level record."
"J4186","1540","Withdrawn","2025-10-07T19:20:31+00:00","DPP-2026","","MISO J4186 large load data center","https://www.misoenergy.org/api/giqueue/getprojects","Public queue response lacks one or more site-identity/location fields required for a site-level record."
"J4177","735","Active","2025-10-07T23:07:23+00:00","DPP-2026","","MISO J4177 large load data center","https://www.misoenergy.org/api/giqueue/getprojects","Public queue response lacks one or more site-identity/location fields required for a site-level record."
"J4179","735","Active","2025-10-07T20:34:28+00:00","DPP-2026","","MISO J4179 large load data center","https://www.misoenergy.org/api/giqueue/getprojects","Public queue response lacks one or more site-identity/location fields required for a site-level record."
"J4184","755","Active","2025-10-07T20:25:22+00:00","DPP-2026","","MISO J4184 large load data center","https://www.misoenergy.org/api/giqueue/getprojects","Public queue response lacks one or more site-identity/location fields required for a site-level record."
"J4180","755","Active","2025-10-07T20:00:44+00:00","DPP-2026","","MISO J4180 large load data center","https://www.misoenergy.org/api/giqueue/getprojects","Public queue response lacks one or more site-identity/location fields required for a site-level record."
"J4175","770","Active","2025-10-07T19:08:44+00:00","DPP-2026","","MISO J4175 large load data center","https://www.misoenergy.org/api/giqueue/getprojects","Public queue response lacks one or more site-identity/location fields required for a site-level record."
"J4181","755","Withdrawn","2025-10-07T20:21:33+00:00","DPP-2026","","MISO J4181 large load data center","https://www.misoenergy.org/api/giqueue/getprojects","Public queue response lacks one or more site-identity/location fields required for a site-level record."
"J4187","755","Active","2025-10-07T20:12:47+00:00","DPP-2026","","MISO J4187 large load data center","https://www.misoenergy.org/api/giqueue/getprojects","Public queue response lacks one or more site-identity/location fields required for a site-level record."
"J4185","755","Active","2025-10-07T19:50:56+00:00","DPP-2026","","MISO J4185 large load data center","https://www.misoenergy.org/api/giqueue/getprojects","Public queue response lacks one or more site-identity/location fields required for a site-level record."
"J4178","755","Active","2025-10-07T19:42:02+00:00","DPP-2026","","MISO J4178 large load data center","https://www.misoenergy.org/api/giqueue/getprojects","Public queue response lacks one or more site-identity/location fields required for a site-level record."
"S1184","100","Active","2026-04-04T02:04:30+00:00","","","MISO S1184 large load data center","https://www.misoenergy.org/api/giqueue/getprojects","Public queue response lacks one or more site-identity/location fields required for a site-level record."
"S1156","632","Active","2026-04-13T22:38:55+00:00","","","MISO S1156 large load data center","https://www.misoenergy.org/api/giqueue/getprojects","Public queue response lacks one or more site-identity/location fields required for a site-level record."
"J4296","1440","Active","2026-08-29T02:17:46+00:00","DPP-2026","","MISO J4296 large load data center","https://www.misoenergy.org/api/giqueue/getprojects","Public queue response lacks one or more site-identity/location fields required for a site-level record."
"J4258","787.3","Active","2026-08-06T21:56:48+00:00","DPP-2026","","MISO J4258 large load data center","https://www.misoenergy.org/api/giqueue/getprojects","Public queue response lacks one or more site-identity/location fields required for a site-level record."
"R5092","185","Active","2026-04-10T09:43:08+00:00","NO_CYCLE","","MISO R5092 large load data center","https://www.misoenergy.org/api/giqueue/getprojects","Public queue response lacks one or more site-identity/location fields required for a site-level record."
"S1157","534","Active","2026-04-13T22:36:28+00:00","","","MISO S1157 large load data center","https://www.misoenergy.org/api/giqueue/getprojects","Public queue response lacks one or more site-identity/location fields required for a site-level record."
"J4288","140","Active","2026-08-18T20:43:39+00:00","DPP-2026","","MISO J4288 large load data center","https://www.misoenergy.org/api/giqueue/getprojects","Public queue response lacks one or more site-identity/location fields required for a site-level record."
"J4292","242.3","Active","2026-09-01T00:40:58+00:00","DPP-2026","","MISO J4292 large load data center","https://www.misoenergy.org/api/giqueue/getprojects","Public queue response lacks one or more site-identity/location fields required for a site-level record."
"J4293","242.8","Active","2026-09-01T00:45:02+00:00","DPP-2026","","MISO J4293 large load data center","https://www.misoenergy.org/api/giqueue/getprojects","Public queue response lacks one or more site-identity/location fields required for a site-level record."
"J4282","242.8","Active","2026-09-01T05:00:35+00:00","DPP-2026","","MISO J4282 large load data center","https://www.misoenergy.org/api/giqueue/getprojects","Public queue response lacks one or more site-identity/location fields required for a site-level record."
"J4283","243.4","Active","2026-09-01T05:02:38+00:00","DPP-2026","","MISO J4283 large load data center","https://www.misoenergy.org/api/giqueue/getprojects","Public queue response lacks one or more site-identity/location fields required for a site-level record."
"J4289","215","Active","2026-08-25T20:50:47+00:00","DPP-2026","","MISO J4289 large load data center","https://www.misoenergy.org/api/giqueue/getprojects","Public queue response lacks one or more site-identity/location fields required for a site-level record."
"J4286","770","Active","2026-08-29T01:04:17+00:00","DPP-2026","","MISO J4286 large load data center","https://www.misoenergy.org/api/giqueue/getprojects","Public queue response lacks one or more site-identity/location fields required for a site-level record."
"J4295","770","Active","2026-08-28T20:00:20+00:00","DPP-2026","","MISO J4295 large load data center","https://www.misoenergy.org/api/giqueue/getprojects","Public queue response lacks one or more site-identity/location fields required for a site-level record."
"J4294","100","Active","2026-09-03T22:01:48+00:00","DPP-2026","","MISO J4294 large load data center","https://www.misoenergy.org/api/giqueue/getprojects","Public queue response lacks one or more site-identity/location fields required for a site-level record."
"J4240","250","Active","2026-05-13T02:35:53+00:00","DPP-2026","","MISO J4240 large load data center","https://www.misoenergy.org/api/giqueue/getprojects","Public queue response lacks one or more site-identity/location fields required for a site-level record."
"S1166","108.93","Active","2026-05-04T19:33:45+00:00","NO_CYCLE","","MISO S1166 large load data center","https://www.misoenergy.org/api/giqueue/getprojects","Public queue response lacks one or more site-identity/location fields required for a site-level record."
"J4246","280","Active","2026-06-25T21:45:49+00:00","DPP-2026","","MISO J4246 large load data center","https://www.misoenergy.org/api/giqueue/getprojects","Public queue response lacks one or more site-identity/location fields required for a site-level record."
"J4241","2220","Active","2026-05-28T18:29:18+00:00","DPP-2026","","MISO J4241 large load data center","https://www.misoenergy.org/api/giqueue/getprojects","Public queue response lacks one or more site-identity/location fields required for a site-level record."
"J4265","300","Active","2026-08-18T21:43:06+00:00","DPP-2026","","MISO J4265 large load data center","https://www.misoenergy.org/api/giqueue/getprojects","Public queue response lacks one or more site-identity/location fields required for a site-level record."
"J4242","115","Active","2026-05-22T23:48:28+00:00","DPP-2026","","MISO J4242 large load data center","https://www.misoenergy.org/api/giqueue/getprojects","Public queue response lacks one or more site-identity/location fields required for a site-level record."
"J2280","198","Pending Transfer","2022-03-28T04:00:00+00:00","DPP-2021","Phase 2","MISO J2280 large load data center","https://www.misoenergy.org/api/giqueue/getprojects","Public queue response lacks one or more site-identity/location fields required for a site-level record."
"J4267","200","Active","2026-08-20T18:14:15+00:00","DPP-2026","","MISO J4267 large load data center","https://www.misoenergy.org/api/giqueue/getprojects","Public queue response lacks one or more site-identity/location fields required for a site-level record."
"J4262","250","Active","2026-08-20T18:29:06+00:00","DPP-2026","","MISO J4262 large load data center","https://www.misoenergy.org/api/giqueue/getprojects","Public queue response lacks one or more site-identity/location fields required for a site-level record."
"J4281","481.2","Active","2026-09-01T16:17:55+00:00","DPP-2026","","MISO J4281 large load data center","https://www.misoenergy.org/api/giqueue/getprojects","Public queue response lacks one or more site-identity/location fields required for a site-level record."
"J4276","150","Active","2026-08-28T16:44:15+00:00","DPP-2026","","MISO J4276 large load data center","https://www.misoenergy.org/api/giqueue/getprojects","Public queue response lacks one or more site-identity/location fields required for a site-level record."
"J4269","300","Active","2026-08-13T00:08:19+00:00","DPP-2026","","MISO J4269 large load data center","https://www.misoenergy.org/api/giqueue/getprojects","Public queue response lacks one or more site-identity/location fields required for a site-level record."
"S1155","200","Active","2026-03-13T23:38:42+00:00","","","MISO S1155 large load data center","https://www.misoenergy.org/api/giqueue/getprojects","Public queue response lacks one or more site-identity/location fields required for a site-level record."
"S1143","135","Active","2026-01-20T22:17:08+00:00","NO_CYCLE","","MISO S1143 large load data center","https://www.misoenergy.org/api/giqueue/getprojects","Public queue response lacks one or more site-identity/location fields required for a site-level record."
"S1160","150","Active","2026-03-28T02:47:28+00:00","NO_CYCLE","","MISO S1160 large load data center","https://www.misoenergy.org/api/giqueue/getprojects","Public queue response lacks one or more site-identity/location fields required for a site-level record."
"S1161","625","Active","2026-03-24T00:28:33+00:00","NO_CYCLE","","MISO S1161 large load data center","https://www.misoenergy.org/api/giqueue/getprojects","Public queue response lacks one or more site-identity/location fields required for a site-level record."
"J4210","250","Active","2026-02-06T05:56:29+00:00","DPP-2026","","MISO J4210 large load data center","https://www.misoenergy.org/api/giqueue/getprojects","Public queue response lacks one or more site-identity/location fields required for a site-level record."
"S1137","150","Active","2025-12-05T20:43:06+00:00","","","MISO S1137 large load data center","https://www.misoenergy.org/api/giqueue/getprojects","Public queue response lacks one or more site-identity/location fields required for a site-level record."
"J4208","100","Active","2025-12-20T03:36:56+00:00","DPP-2026","","MISO J4208 large load data center","https://www.misoenergy.org/api/giqueue/getprojects","Public queue response lacks one or more site-identity/location fields required for a site-level record."
"J4251","200","Active","2026-07-15T19:50:41+00:00","DPP-2026","","MISO J4251 large load data center","https://www.misoenergy.org/api/giqueue/getprojects","Public queue response lacks one or more site-identity/location fields required for a site-level record."
"S1009","258.92","Done","2021-08-17T04:00:00+00:00","","","MISO S1009 large load data center","https://www.misoenergy.org/api/giqueue/getprojects","Public queue response lacks one or more site-identity/location fields required for a site-level record."
"S1013","200","Done","2022-01-26T05:00:00+00:00","","","MISO S1013 large load data center","https://www.misoenergy.org/api/giqueue/getprojects","Public queue response lacks one or more site-identity/location fields required for a site-level record."
"S1017","100","Done","2022-04-11T04:00:00+00:00","","","MISO S1017 large load data center","https://www.misoenergy.org/api/giqueue/getprojects","Public queue response lacks one or more site-identity/location fields required for a site-level record."
"S1042","100","Withdrawn","2022-12-20T05:00:00+00:00","","","MISO S1042 large load data center","https://www.misoenergy.org/api/giqueue/getprojects","Public queue response lacks one or more site-identity/location fields required for a site-level record."
"R1003","1166","Done","2020-08-05T04:00:00+00:00","","","MISO R1003 large load data center","https://www.misoenergy.org/api/giqueue/getprojects","Public queue response lacks one or more site-identity/location fields required for a site-level record."
"R1018","280","Withdrawn","2022-02-23T05:00:00+00:00","","","MISO R1018 large load data center","https://www.misoenergy.org/api/giqueue/getprojects","Public queue response lacks one or more site-identity/location fields required for a site-level record."
"R1000","103.1","Done","2019-06-24T04:00:00+00:00","","","MISO R1000 large load data center","https://www.misoenergy.org/api/giqueue/getprojects","Public queue response lacks one or more site-identity/location fields required for a site-level record."
"R1011","250","Done","2021-10-04T04:00:00+00:00","","","MISO R1011 large load data center","https://www.misoenergy.org/api/giqueue/getprojects","Public queue response lacks one or more site-identity/location fields required for a site-level record."
"S1008","250","Withdrawn","2021-08-04T04:00:00+00:00","","","MISO S1008 large load data center","https://www.misoenergy.org/api/giqueue/getprojects","Public queue response lacks one or more site-identity/location fields required for a site-level record."
"R1006","350","Withdrawn","2021-02-15T05:00:00+00:00","","","MISO R1006 large load data center","https://www.misoenergy.org/api/giqueue/getprojects","Public queue response lacks one or more site-identity/location fields required for a site-level record."
"R1036","710","Done","2022-12-28T05:00:00+00:00","","","MISO R1036 large load data center","https://www.misoenergy.org/api/giqueue/getprojects","Public queue response lacks one or more site-identity/location fields required for a site-level record."
"R1015","423.1","Done","2022-02-13T05:00:00+00:00","","","MISO R1015 large load data center","https://www.misoenergy.org/api/giqueue/getprojects","Public queue response lacks one or more site-identity/location fields required for a site-level record."
"R1019","212","Done","2022-02-15T05:00:00+00:00","","","MISO R1019 large load data center","https://www.misoenergy.org/api/giqueue/getprojects","Public queue response lacks one or more site-identity/location fields required for a site-level record."
"R1033","100","Withdrawn","2023-02-13T05:00:00+00:00","","","MISO R1033 large load data center","https://www.misoenergy.org/api/giqueue/getprojects","Public queue response lacks one or more site-identity/location fields required for a site-level record."
"R1004","330","Done","2020-12-30T05:00:00+00:00","","","MISO R1004 large load data center","https://www.misoenergy.org/api/giqueue/getprojects","Public queue response lacks one or more site-identity/location fields required for a site-level record."
"R1012","640","Withdrawn","2021-09-30T04:00:00+00:00","","","MISO R1012 large load data center","https://www.misoenergy.org/api/giqueue/getprojects","Public queue response lacks one or more site-identity/location fields required for a site-level record."
"R1016","124.4","Done","2022-02-18T05:00:00+00:00","","","MISO R1016 large load data center","https://www.misoenergy.org/api/giqueue/getprojects","Public queue response lacks one or more site-identity/location fields required for a site-level record."
"J3830","225","Active","2024-04-16T04:00:00+00:00","DPP-2023","Phase 2","MISO J3830 large load data center","https://www.misoenergy.org/api/giqueue/getprojects","Public queue response lacks one or more site-identity/location fields required for a site-level record."
"S1180","150","Active","2026-03-16T23:24:06+00:00","NO_CYCLE","","MISO S1180 large load data center","https://www.misoenergy.org/api/giqueue/getprojects","Public queue response lacks one or more site-identity/location fields required for a site-level record."
"J4238","125","Active","2026-04-10T01:25:06+00:00","DPP-2026","","MISO J4238 large load data center","https://www.misoenergy.org/api/giqueue/getprojects","Public queue response lacks one or more site-identity/location fields required for a site-level record."
"J4207","100","Active","2025-12-20T03:36:16+00:00","DPP-2026","","MISO J4207 large load data center","https://www.misoenergy.org/api/giqueue/getprojects","Public queue response lacks one or more site-identity/location fields required for a site-level record."
"S1154","150","Active","2026-03-10T21:41:58+00:00","NO_CYCLE","","MISO S1154 large load data center","https://www.misoenergy.org/api/giqueue/getprojects","Public queue response lacks one or more site-identity/location fields required for a site-level record."
"S1138","100","Active","2025-12-13T01:31:09+00:00","","","MISO S1138 large load data center","https://www.misoenergy.org/api/giqueue/getprojects","Public queue response lacks one or more site-identity/location fields required for a site-level record."
"J4206","100","Active","2025-12-20T03:35:57+00:00","DPP-2026","","MISO J4206 large load data center","https://www.misoenergy.org/api/giqueue/getprojects","Public queue response lacks one or more site-identity/location fields required for a site-level record."
"J4223","250","Active","2026-03-11T20:22:10+00:00","DPP-2026","","MISO J4223 large load data center","https://www.misoenergy.org/api/giqueue/getprojects","Public queue response lacks one or more site-identity/location fields required for a site-level record."
"S1136","100","Active","2025-12-19T22:52:01+00:00","","","MISO S1136 large load data center","https://www.misoenergy.org/api/giqueue/getprojects","Public queue response lacks one or more site-identity/location fields required for a site-level record."
"S1147","132","Active","2026-01-17T01:27:24+00:00","NO_CYCLE","","MISO S1147 large load data center","https://www.misoenergy.org/api/giqueue/getprojects","Public queue response lacks one or more site-identity/location fields required for a site-level record."
"S1130","225","Active","2026-01-29T22:56:59+00:00","","","MISO S1130 large load data center","https://www.misoenergy.org/api/giqueue/getprojects","Public queue response lacks one or more site-identity/location fields required for a site-level record."
"J4231","400","Active","2026-03-20T19:05:07+00:00","DPP-2026","","MISO J4231 large load data center","https://www.misoenergy.org/api/giqueue/getprojects","Public queue response lacks one or more site-identity/location fields required for a site-level record."
"J4212","150","Active","2026-02-18T07:21:38+00:00","DPP-2026","","MISO J4212 large load data center","https://www.misoenergy.org/api/giqueue/getprojects","Public queue response lacks one or more site-identity/location fields required for a site-level record."
"J4213","350","Active","2026-02-18T03:20:21+00:00","DPP-2026","","MISO J4213 large load data center","https://www.misoenergy.org/api/giqueue/getprojects","Public queue response lacks one or more site-identity/location fields required for a site-level record."
"J4209","100","Active","2025-12-20T03:34:56+00:00","DPP-2026","","MISO J4209 large load data center","https://www.misoenergy.org/api/giqueue/getprojects","Public queue response lacks one or more site-identity/location fields required for a site-level record."
"J4222","300","Active","2026-03-11T20:22:09+00:00","DPP-2026","","MISO J4222 large load data center","https://www.misoenergy.org/api/giqueue/getprojects","Public queue response lacks one or more site-identity/location fields required for a site-level record."
"J4214","500","Active","2026-02-18T02:43:26+00:00","DPP-2026","","MISO J4214 large load data center","https://www.misoenergy.org/api/giqueue/getprojects","Public queue response lacks one or more site-identity/location fields required for a site-level record."
"S1144","200","Active","2026-02-10T05:00:00+00:00","","","MISO S1144 large load data center","https://www.misoenergy.org/api/giqueue/getprojects","Public queue response lacks one or more site-identity/location fields required for a site-level record."
"J4215","500","Active","2026-02-18T02:47:47+00:00","DPP-2026","","MISO J4215 large load data center","https://www.misoenergy.org/api/giqueue/getprojects","Public queue response lacks one or more site-identity/location fields required for a site-level record."
"S1152","139","Active","2026-04-15T07:38:42+00:00","","","MISO S1152 large load data center","https://www.misoenergy.org/api/giqueue/getprojects","Public queue response lacks one or more site-identity/location fields required for a site-level record."
"J4244","100","Active","2026-06-06T02:06:17+00:00","DPP-2026","","MISO J4244 large load data center","https://www.misoenergy.org/api/giqueue/getprojects","Public queue response lacks one or more site-identity/location fields required for a site-level record."
"J4247","120","Active","2026-06-24T22:51:21+00:00","DPP-2026","","MISO J4247 large load data center","https://www.misoenergy.org/api/giqueue/getprojects","Public queue response lacks one or more site-identity/location fields required for a site-level record."
"J4254","250","Active","2026-08-08T05:14:01+00:00","DPP-2026","","MISO J4254 large load data center","https://www.misoenergy.org/api/giqueue/getprojects","Public queue response lacks one or more site-identity/location fields required for a site-level record."
"J4243","100","Active","2026-06-08T02:28:38+00:00","DPP-2026","","MISO J4243 large load data center","https://www.misoenergy.org/api/giqueue/getprojects","Public queue response lacks one or more site-identity/location fields required for a site-level record."
"J4249","100","Active","2026-06-03T17:30:43+00:00","DPP-2026","","MISO J4249 large load data center","https://www.misoenergy.org/api/giqueue/getprojects","Public queue response lacks one or more site-identity/location fields required for a site-level record."
"J4245","770","Active","2026-06-25T20:02:21+00:00","DPP-2026","","MISO J4245 large load data center","https://www.misoenergy.org/api/giqueue/getprojects","Public queue response lacks one or more site-identity/location fields required for a site-level record."
"J4248","770","Active","2026-06-25T19:26:56+00:00","DPP-2026","","MISO J4248 large load data center","https://www.misoenergy.org/api/giqueue/getprojects","Public queue response lacks one or more site-identity/location fields required for a site-level record."
"J4216","1500","Active","2026-02-23T21:49:02+00:00","DPP-2026","","MISO J4216 large load data center","https://www.misoenergy.org/api/giqueue/getprojects","Public queue response lacks one or more site-identity/location fields required for a site-level record."
"J4218","800","Active","2026-02-24T02:16:35+00:00","DPP-2026","","MISO J4218 large load data center","https://www.misoenergy.org/api/giqueue/getprojects","Public queue response lacks one or more site-identity/location fields required for a site-level record."
"J4219","1500","Active","2026-02-24T03:15:09+00:00","DPP-2026","","MISO J4219 large load data center","https://www.misoenergy.org/api/giqueue/getprojects","Public queue response lacks one or more site-identity/location fields required for a site-level record."
"J4217","800","Active","2026-02-23T23:10:31+00:00","DPP-2026","","MISO J4217 large load data center","https://www.misoenergy.org/api/giqueue/getprojects","Public queue response lacks one or more site-identity/location fields required for a site-level record."
"S1159","100","Active","2026-02-27T02:29:24+00:00","NO_CYCLE","","MISO S1159 large load data center","https://www.misoenergy.org/api/giqueue/getprojects","Public queue response lacks one or more site-identity/location fields required for a site-level record."
"J4228","100","Active","2026-03-19T21:36:16+00:00","DPP-2026","","MISO J4228 large load data center","https://www.misoenergy.org/api/giqueue/getprojects","Public queue response lacks one or more site-identity/location fields required for a site-level record."
"S1172","200","Active","2026-03-07T03:13:45+00:00","NO_CYCLE","","MISO S1172 large load data center","https://www.misoenergy.org/api/giqueue/getprojects","Public queue response lacks one or more site-identity/location fields required for a site-level record."
"J4237","200","Active","2026-03-24T01:07:46+00:00","DPP-2026","","MISO J4237 large load data center","https://www.misoenergy.org/api/giqueue/getprojects","Public queue response lacks one or more site-identity/location fields required for a site-level record."
"J4230","250","Active","2026-03-20T18:56:10+00:00","DPP-2026","","MISO J4230 large load data center","https://www.misoenergy.org/api/giqueue/getprojects","Public queue response lacks one or more site-identity/location fields required for a site-level record."
"J4226","150","Active","2026-03-21T01:47:08+00:00","DPP-2026","","MISO J4226 large load data center","https://www.misoenergy.org/api/giqueue/getprojects","Public queue response lacks one or more site-identity/location fields required for a site-level record."
"J4227","150","Active","2026-03-21T01:49:23+00:00","DPP-2026","","MISO J4227 large load data center","https://www.misoenergy.org/api/giqueue/getprojects","Public queue response lacks one or more site-identity/location fields required for a site-level record."
"J4236","400","Active","2026-03-20T20:03:44+00:00","DPP-2026","","MISO J4236 large load data center","https://www.misoenergy.org/api/giqueue/getprojects","Public queue response lacks one or more site-identity/location fields required for a site-level record."
"S1162","390","Active","2026-03-20T20:58:20+00:00","NO_CYCLE","","MISO S1162 large load data center","https://www.misoenergy.org/api/giqueue/getprojects","Public queue response lacks one or more site-identity/location fields required for a site-level record."
"J4239","770","Active","2026-04-23T23:01:14+00:00","DPP-2026","","MISO J4239 large load data center","https://www.misoenergy.org/api/giqueue/getprojects","Public queue response lacks one or more site-identity/location fields required for a site-level record."
"J4220","1500","Withdrawn","2026-02-26T01:51:55+00:00","DPP-2026","","MISO J4220 large load data center","https://www.misoenergy.org/api/giqueue/getprojects","Public queue response lacks one or more site-identity/location fields required for a site-level record."
"J4234","300","Active","2026-03-21T01:20:07+00:00","DPP-2026","","MISO J4234 large load data center","https://www.misoenergy.org/api/giqueue/getprojects","Public queue response lacks one or more site-identity/location fields required for a site-level record."
"J4224","250","Active","2026-03-20T18:57:57+00:00","DPP-2026","","MISO J4224 large load data center","https://www.misoenergy.org/api/giqueue/getprojects","Public queue response lacks one or more site-identity/location fields required for a site-level record."
"J4229","350","Active","2026-03-20T18:50:34+00:00","DPP-2026","","MISO J4229 large load data center","https://www.misoenergy.org/api/giqueue/getprojects","Public queue response lacks one or more site-identity/location fields required for a site-level record."
"S1173","100","Active","2026-03-16T19:13:11+00:00","NO_CYCLE","","MISO S1173 large load data center","https://www.misoenergy.org/api/giqueue/getprojects","Public queue response lacks one or more site-identity/location fields required for a site-level record."
"J4221","1500","Active","2026-02-26T01:53:49+00:00","DPP-2026","","MISO J4221 large load data center","https://www.misoenergy.org/api/giqueue/getprojects","Public queue response lacks one or more site-identity/location fields required for a site-level record."
"J4232","200","Active","2026-03-20T19:15:57+00:00","DPP-2026","","MISO J4232 large load data center","https://www.misoenergy.org/api/giqueue/getprojects","Public queue response lacks one or more site-identity/location fields required for a site-level record."
"J4233","300","Active","2026-03-21T01:18:26+00:00","DPP-2026","","MISO J4233 large load data center","https://www.misoenergy.org/api/giqueue/getprojects","Public queue response lacks one or more site-identity/location fields required for a site-level record."
"J4225","250","Active","2026-03-20T19:02:22+00:00","DPP-2026","","MISO J4225 large load data center","https://www.misoenergy.org/api/giqueue/getprojects","Public queue response lacks one or more site-identity/location fields required for a site-level record."
"J4235","500","Active","2026-03-21T01:44:17+00:00","DPP-2026","","MISO J4235 large load data center","https://www.misoenergy.org/api/giqueue/getprojects","Public queue response lacks one or more site-identity/location fields required for a site-level record."
"J4284","118","Active","2026-08-15T01:40:04+00:00","DPP-2026","","MISO J4284 large load data center","https://www.misoenergy.org/api/giqueue/getprojects","Public queue response lacks one or more site-identity/location fields required for a site-level record."
"J4285","189","Active","2026-08-15T01:40:17+00:00","DPP-2026","","MISO J4285 large load data center","https://www.misoenergy.org/api/giqueue/getprojects","Public queue response lacks one or more site-identity/location fields required for a site-level record."
"J4266","150","Active","2026-08-14T02:51:26+00:00","DPP-2026","","MISO J4266 large load data center","https://www.misoenergy.org/api/giqueue/getprojects","Public queue response lacks one or more site-identity/location fields required for a site-level record."
"J4255","300","Active","2026-07-24T21:04:01+00:00","DPP-2026","","MISO J4255 large load data center","https://www.misoenergy.org/api/giqueue/getprojects","Public queue response lacks one or more site-identity/location fields required for a site-level record."
"J4287","300","Active","2026-08-14T18:44:16+00:00","DPP-2026","","MISO J4287 large load data center","https://www.misoenergy.org/api/giqueue/getprojects","Public queue response lacks one or more site-identity/location fields required for a site-level record."
"J4268","100","Active","2026-08-12T20:37:25+00:00","DPP-2026","","MISO J4268 large load data center","https://www.misoenergy.org/api/giqueue/getprojects","Public queue response lacks one or more site-identity/location fields required for a site-level record."
"J4278","200","Active","2026-08-28T02:36:10+00:00","DPP-2026","","MISO J4278 large load data center","https://www.misoenergy.org/api/giqueue/getprojects","Public queue response lacks one or more site-identity/location fields required for a site-level record."
"J4277","200","Active","2026-08-28T02:26:06+00:00","DPP-2026","","MISO J4277 large load data center","https://www.misoenergy.org/api/giqueue/getprojects","Public queue response lacks one or more site-identity/location fields required for a site-level record."
"J4271","200","Active","2026-08-24T21:38:02+00:00","DPP-2026","","MISO J4271 large load data center","https://www.misoenergy.org/api/giqueue/getprojects","Public queue response lacks one or more site-identity/location fields required for a site-level record."
"J4256","2015","Active","2026-08-10T22:42:47+00:00","DPP-2026","","MISO J4256 large load data center","https://www.misoenergy.org/api/giqueue/getprojects","Public queue response lacks one or more site-identity/location fields required for a site-level record."
"J4270","200","Active","2026-08-14T18:50:55+00:00","DPP-2026","","MISO J4270 large load data center","https://www.misoenergy.org/api/giqueue/getprojects","Public queue response lacks one or more site-identity/location fields required for a site-level record."
"J4272","300","Active","2026-08-24T17:37:24+00:00","DPP-2026","","MISO J4272 large load data center","https://www.misoenergy.org/api/giqueue/getprojects","Public queue response lacks one or more site-identity/location fields required for a site-level record."
"J4274","200","Active","2026-08-24T17:38:08+00:00","DPP-2026","","MISO J4274 large load data center","https://www.misoenergy.org/api/giqueue/getprojects","Public queue response lacks one or more site-identity/location fields required for a site-level record."
"J4259","200","Active","2026-08-21T17:46:46+00:00","DPP-2026","","MISO J4259 large load data center","https://www.misoenergy.org/api/giqueue/getprojects","Public queue response lacks one or more site-identity/location fields required for a site-level record."
"J4252","250","Active","2026-07-15T19:34:08+00:00","DPP-2026","","MISO J4252 large load data center","https://www.misoenergy.org/api/giqueue/getprojects","Public queue response lacks one or more site-identity/location fields required for a site-level record."
"J4250","200","Active","2026-07-15T19:16:39+00:00","DPP-2026","","MISO J4250 large load data center","https://www.misoenergy.org/api/giqueue/getprojects","Public queue response lacks one or more site-identity/location fields required for a site-level record."
"J4280","245.8","Active","2026-08-28T21:27:09+00:00","DPP-2026","","MISO J4280 large load data center","https://www.misoenergy.org/api/giqueue/getprojects","Public queue response lacks one or more site-identity/location fields required for a site-level record."
"J4275","200","Active","2026-08-18T21:41:50+00:00","DPP-2026","","MISO J4275 large load data center","https://www.misoenergy.org/api/giqueue/getprojects","Public queue response lacks one or more site-identity/location fields required for a site-level record."
"J4261","200","Active","2026-08-24T17:35:42+00:00","DPP-2026","","MISO J4261 large load data center","https://www.misoenergy.org/api/giqueue/getprojects","Public queue response lacks one or more site-identity/location fields required for a site-level record."
"J4291","250","Active","2026-08-24T23:21:22+00:00","DPP-2026","","MISO J4291 large load data center","https://www.misoenergy.org/api/giqueue/getprojects","Public queue response lacks one or more site-identity/location fields required for a site-level record."
"J4260","250","Active","2026-08-25T21:10:25+00:00","DPP-2026","","MISO J4260 large load data center","https://www.misoenergy.org/api/giqueue/getprojects","Public queue response lacks one or more site-identity/location fields required for a site-level record."
"R1038","100","Done","2023-11-28T05:00:00+00:00","","","MISO R1038 large load data center","https://www.misoenergy.org/api/giqueue/getprojects","Public queue response lacks one or more site-identity/location fields required for a site-level record."
"R1052","615","Active","2024-06-24T04:00:00+00:00","","","MISO R1052 large load data center","https://www.misoenergy.org/api/giqueue/getprojects","Public queue response lacks one or more site-identity/location fields required for a site-level record."
"J4264","1000","Active","2026-08-20T19:51:19+00:00","DPP-2026","","MISO J4264 large load data center","https://www.misoenergy.org/api/giqueue/getprojects","Public queue response lacks one or more site-identity/location fields required for a site-level record."
"R1049","303.5","Done","2024-12-24T05:00:00+00:00","","","MISO R1049 large load data center","https://www.misoenergy.org/api/giqueue/getprojects","Public queue response lacks one or more site-identity/location fields required for a site-level record."
"R1045","237","Done","2024-03-01T05:00:00+00:00","","","MISO R1045 large load data center","https://www.misoenergy.org/api/giqueue/getprojects","Public queue response lacks one or more site-identity/location fields required for a site-level record."
"J4273","300","Active","2026-08-24T17:36:27+00:00","DPP-2026","","MISO J4273 large load data center","https://www.misoenergy.org/api/giqueue/getprojects","Public queue response lacks one or more site-identity/location fields required for a site-level record."
"R1040","749","Done","2023-11-09T05:00:00+00:00","","","MISO R1040 large load data center","https://www.misoenergy.org/api/giqueue/getprojects","Public queue response lacks one or more site-identity/location fields required for a site-level record."
"R1054","261","Withdrawn","2024-07-12T04:00:00+00:00","","","MISO R1054 large load data center","https://www.misoenergy.org/api/giqueue/getprojects","Public queue response lacks one or more site-identity/location fields required for a site-level record."
"R1056","184.71","Withdrawn","2024-07-12T04:00:00+00:00","","","MISO R1056 large load data center","https://www.misoenergy.org/api/giqueue/getprojects","Public queue response lacks one or more site-identity/location fields required for a site-level record."
"R1047","824","Done","2024-05-28T04:00:00+00:00","","","MISO R1047 large load data center","https://www.misoenergy.org/api/giqueue/getprojects","Public queue response lacks one or more site-identity/location fields required for a site-level record."
"R1044","1040","Done","2024-02-06T05:00:00+00:00","","","MISO R1044 large load data center","https://www.misoenergy.org/api/giqueue/getprojects","Public queue response lacks one or more site-identity/location fields required for a site-level record."
"R1046","150","Withdrawn","2024-05-08T04:00:00+00:00","","","MISO R1046 large load data center","https://www.misoenergy.org/api/giqueue/getprojects","Public queue response lacks one or more site-identity/location fields required for a site-level record."
"R1055","322","Done","2024-07-12T04:00:00+00:00","","","MISO R1055 large load data center","https://www.misoenergy.org/api/giqueue/getprojects","Public queue response lacks one or more site-identity/location fields required for a site-level record."
"R1048","1231.73","Active","2024-05-13T04:00:00+00:00","","","MISO R1048 large load data center","https://www.misoenergy.org/api/giqueue/getprojects","Public queue response lacks one or more site-identity/location fields required for a site-level record."
"R1050","135.5","Done","2024-05-31T04:00:00+00:00","","","MISO R1050 large load data center","https://www.misoenergy.org/api/giqueue/getprojects","Public queue response lacks one or more site-identity/location fields required for a site-level record."
"R1041","220","Done","2023-10-11T04:00:00+00:00","","","MISO R1041 large load data center","https://www.misoenergy.org/api/giqueue/getprojects","Public queue response lacks one or more site-identity/location fields required for a site-level record."
"R1037","180","Withdrawn","2023-09-28T04:00:00+00:00","","","MISO R1037 large load data center","https://www.misoenergy.org/api/giqueue/getprojects","Public queue response lacks one or more site-identity/location fields required for a site-level record."
"S1087","150","Active","2025-02-18T05:00:00+00:00","","","MISO S1087 large load data center","https://www.misoenergy.org/api/giqueue/getprojects","Public queue response lacks one or more site-identity/location fields required for a site-level record."
