id,meeting_or_material_date,utility,material,source_url,status,notes
"PJM-LAS-2026-09-24-01","2026-09-24","Dominion Energy","Item 5Ai - Dominion_Energy","https://www.pjm.com/committees-and-groups/subcommittees/las","publicly posted large-load submission material","PJM LAS public meeting-material entry. Utility reappearance across years is retained as historical evolution rather than deduplicated into a facility."
"PJM-LAS-2026-09-24-02","2026-09-24","Dominion Energy","Item 5Aii - Dominion_Voltage_Optimization","https://www.pjm.com/committees-and-groups/subcommittees/las","publicly posted large-load submission material","PJM LAS public meeting-material entry. Utility reappearance across years is retained as historical evolution rather than deduplicated into a facility."
"PJM-LAS-2026-09-24-03","2026-09-24","NOVEC","Item 5B - NOVEC","https://www.pjm.com/committees-and-groups/subcommittees/las","publicly posted large-load submission material","PJM LAS public meeting-material entry. Utility reappearance across years is retained as historical evolution rather than deduplicated into a facility."
"PJM-LAS-2026-09-24-04","2026-09-24","Rappahannock","Item 5C - Rappahannock","https://www.pjm.com/committees-and-groups/subcommittees/las","publicly posted large-load submission material","PJM LAS public meeting-material entry. Utility reappearance across years is retained as historical evolution rather than deduplicated into a facility."
"PJM-LAS-2026-09-24-05","2026-09-24","ODEC","Item 5D - ODEC","https://www.pjm.com/committees-and-groups/subcommittees/las","publicly posted large-load submission material","PJM LAS public meeting-material entry. Utility reappearance across years is retained as historical evolution rather than deduplicated into a facility."
"PJM-LAS-2026-09-24-06","2026-09-24","PPL","Item 5E - PPL","https://www.pjm.com/committees-and-groups/subcommittees/las","publicly posted large-load submission material","PJM LAS public meeting-material entry. Utility reappearance across years is retained as historical evolution rather than deduplicated into a facility."
"PJM-LAS-2026-09-24-07","2026-09-24","AEP","Item 5F - AEP","https://www.pjm.com/committees-and-groups/subcommittees/las","publicly posted large-load submission material","PJM LAS public meeting-material entry. Utility reappearance across years is retained as historical evolution rather than deduplicated into a facility."
"PJM-LAS-2026-09-24-08","2026-09-24","Duquesne","Item 5G - Duquesne","https://www.pjm.com/committees-and-groups/subcommittees/las","publicly posted large-load submission material","PJM LAS public meeting-material entry. Utility reappearance across years is retained as historical evolution rather than deduplicated into a facility."
"PJM-LAS-2026-09-24-09","2026-09-24","FirstEnergy","Item 5H - FirstEnergy","https://www.pjm.com/committees-and-groups/subcommittees/las","publicly posted large-load submission material","PJM LAS public meeting-material entry. Utility reappearance across years is retained as historical evolution rather than deduplicated into a facility."
"PJM-LAS-2026-09-24-10","2026-09-24","Exelon","Item 5I - Exelon","https://www.pjm.com/committees-and-groups/subcommittees/las","publicly posted large-load submission material","PJM LAS public meeting-material entry. Utility reappearance across years is retained as historical evolution rather than deduplicated into a facility."
"PJM-LAS-2026-09-24-11","2026-09-24","Dayton AES","Item 5J - Dayton_AES","https://www.pjm.com/committees-and-groups/subcommittees/las","publicly posted large-load submission material","PJM LAS public meeting-material entry. Utility reappearance across years is retained as historical evolution rather than deduplicated into a facility."
"PJM-LAS-2026-09-24-12","2026-09-24","Duke","Item 5K - Duke","https://www.pjm.com/committees-and-groups/subcommittees/las","publicly posted large-load submission material","PJM LAS public meeting-material entry. Utility reappearance across years is retained as historical evolution rather than deduplicated into a facility."
"PJM-LAS-2026-09-24-13","2026-09-24","PSEG","Item 5L - PSEG","https://www.pjm.com/committees-and-groups/subcommittees/las","publicly posted large-load submission material","PJM LAS public meeting-material entry. Utility reappearance across years is retained as historical evolution rather than deduplicated into a facility."
"PJM-LAS-2025-09-11-14","2025-09-11","Dominion Energy","Item 04Ai - Dominion Data Center Large Load Request","https://www.pjm.com/committees-and-groups/subcommittees/las","publicly posted large-load submission material","PJM LAS public meeting-material entry. Utility reappearance across years is retained as historical evolution rather than deduplicated into a facility."
"PJM-LAS-2025-09-11-15","2025-09-11","NOVEC","Item 04B - NOVEC Large Load Request","https://www.pjm.com/committees-and-groups/subcommittees/las","publicly posted large-load submission material","PJM LAS public meeting-material entry. Utility reappearance across years is retained as historical evolution rather than deduplicated into a facility."
"PJM-LAS-2025-09-11-16","2025-09-11","REC","Item 04C - REC Large Load Request","https://www.pjm.com/committees-and-groups/subcommittees/las","publicly posted large-load submission material","PJM LAS public meeting-material entry. Utility reappearance across years is retained as historical evolution rather than deduplicated into a facility."
"PJM-LAS-2025-09-11-17","2025-09-11","Exelon","Item 04D - Exelon Large Load Request","https://www.pjm.com/committees-and-groups/subcommittees/las","publicly posted large-load submission material","PJM LAS public meeting-material entry. Utility reappearance across years is retained as historical evolution rather than deduplicated into a facility."
"PJM-LAS-2025-09-11-18","2025-09-11","Duquesne","Item 04E - Duquesne Large Load Request","https://www.pjm.com/committees-and-groups/subcommittees/las","publicly posted large-load submission material","PJM LAS public meeting-material entry. Utility reappearance across years is retained as historical evolution rather than deduplicated into a facility."
"PJM-LAS-2025-09-11-19","2025-09-11","AEP","Item 04F - AEP Large Load Request","https://www.pjm.com/committees-and-groups/subcommittees/las","publicly posted large-load submission material","PJM LAS public meeting-material entry. Utility reappearance across years is retained as historical evolution rather than deduplicated into a facility."
"PJM-LAS-2025-09-11-20","2025-09-11","PPL","Item 04G - PPL Large Load Request","https://www.pjm.com/committees-and-groups/subcommittees/las","publicly posted large-load submission material","PJM LAS public meeting-material entry. Utility reappearance across years is retained as historical evolution rather than deduplicated into a facility."
"PJM-LAS-2025-09-11-21","2025-09-11","FirstEnergy","Item 04H - First Energy Large Load Request","https://www.pjm.com/committees-and-groups/subcommittees/las","publicly posted large-load submission material","PJM LAS public meeting-material entry. Utility reappearance across years is retained as historical evolution rather than deduplicated into a facility."
"PJM-LAS-2025-09-11-22","2025-09-11","SMECO","Item 04I - SMECO Large Load Request","https://www.pjm.com/committees-and-groups/subcommittees/las","publicly posted large-load submission material","PJM LAS public meeting-material entry. Utility reappearance across years is retained as historical evolution rather than deduplicated into a facility."
"PJM-LAS-2025-09-15-23","2025-09-15","ODEC","Item 04J - ODEC Large Load Request","https://www.pjm.com/committees-and-groups/subcommittees/las","publicly posted large-load submission material","PJM LAS public meeting-material entry. Utility reappearance across years is retained as historical evolution rather than deduplicated into a facility."
"PJM-LAS-2025-09-11-24","2025-09-11","DAY-AES","Item 04K - DAY-AES Large Load Request","https://www.pjm.com/committees-and-groups/subcommittees/las","publicly posted large-load submission material","PJM LAS public meeting-material entry. Utility reappearance across years is retained as historical evolution rather than deduplicated into a facility."
"PJM-LAS-2025-09-11-25","2025-09-11","Duke","Item 04L - Duke Large Load Request","https://www.pjm.com/committees-and-groups/subcommittees/las","publicly posted large-load submission material","PJM LAS public meeting-material entry. Utility reappearance across years is retained as historical evolution rather than deduplicated into a facility."
"PJM-LAS-2025-09-11-26","2025-09-11","PSE&G","Item 04M - PSE&G Large Load Request","https://www.pjm.com/committees-and-groups/subcommittees/las","publicly posted large-load submission material","PJM LAS public meeting-material entry. Utility reappearance across years is retained as historical evolution rather than deduplicated into a facility."
"PJM-LAS-2026-01-20-27","2026-01-20","PJM","2026 Long-Term Load Forecast / LAS material","https://www.pjm.com/committees-and-groups/subcommittees/las","publicly posted large-load submission material","PJM LAS public meeting-material entry. Utility reappearance across years is retained as historical evolution rather than deduplicated into a facility."
"PJM-LAS-2025-11-19-28","2025-11-19","PJM","Large Load Adjustment Requests Summary","https://www.pjm.com/committees-and-groups/subcommittees/las","publicly posted large-load submission material","PJM LAS public meeting-material entry. Utility reappearance across years is retained as historical evolution rather than deduplicated into a facility."
