queue_id,rto_region,state,county,poi_substation,capacity_mw,projected_date,developer_entity,status,project_name,raw_fuel_technology
1743,NYISO,NY,St. Lawrence,NYPA's 230kV Moses Massena 1 (MMS-1) and 230kV Moses Massena 2 (MMS-2),1935.0,2028-12-01,"St. Lawrence Infrastructure, LLC",Under Study,St. Lawrence Infrastructure 2,Load - Data Center (AI)
P3066,AESO,AB,Caroline,NOT PUBLISHED IN AESO CONNECTION PROJECT LIST,1864.0,UNKNOWN,NOT PUBLISHED IN AESO CONNECTION PROJECT LIST,Under Study,Leedale Data Load,Data Load
P3198,AESO,AB,Fort Saskatchewan,NOT PUBLISHED IN AESO CONNECTION PROJECT LIST,1800.0,UNKNOWN,NOT PUBLISHED IN AESO CONNECTION PROJECT LIST,Active,Lynx Data Load,Data Load
P2970,AESO,AB,Calgary,NOT PUBLISHED IN AESO CONNECTION PROJECT LIST,1400.0,UNKNOWN,NOT PUBLISHED IN AESO CONNECTION PROJECT LIST,Active,Beacon Langdon A.I. Hub 2 Load,Data Load
P3108,AESO,AB,Calgary,NOT PUBLISHED IN AESO CONNECTION PROJECT LIST,1300.0,UNKNOWN,NOT PUBLISHED IN AESO CONNECTION PROJECT LIST,Under Study,Wild Rose Power Hub Load,Data Load
P3109,AESO,AB,Brooks,NOT PUBLISHED IN AESO CONNECTION PROJECT LIST,1200.0,UNKNOWN,NOT PUBLISHED IN AESO CONNECTION PROJECT LIST,Under Study,Newell Data Center MPC Load,Data Load
2266,CAISO,CA,Fresno,HARLAN SW STA 500 kV,1150.0,2028-09-30,NOT PUBLISHED IN CAISO CLUSTER REQUEST LIST,Active,Muon,Photovoltaic/Solar + Storage/Battery
1738,NYISO,NY,Dutchess,East Fishkill to Wood Street 345 kV lines (38 and 39),1000.0,2026-10-01,Donovan Drive Holdings LLC,Under Study,"1 Gig Data Center East Fishkill, NY",Load - Data Center
2294,CAISO,CA,Los Angeles,LAGUNA BELL 230 kV,1000.0,2028-12-31,NOT PUBLISHED IN CAISO CLUSTER REQUEST LIST,Active,Lagoonez,Storage/Battery
2331,CAISO,AZ,Maricopa,CIELO AZUL 500 kV,1000.0,2030-04-30,NOT PUBLISHED IN CAISO CLUSTER REQUEST LIST,Active,Stanley,Photovoltaic/Solar + Storage/Battery
P2942,AESO,AB,Wabamun,NOT PUBLISHED IN AESO CONNECTION PROJECT LIST,1000.0,UNKNOWN,NOT PUBLISHED IN AESO CONNECTION PROJECT LIST,Under Study,Genesee Data Center 1 MPC Load,Data Load
J1490,MISO,MO,Randolph,McCredie - Montgomery 345 kV Line Tap,1000.0,2024-03-31,NOT PUBLISHED IN MISO GI QUEUE DATA,IA in Progress,,
2327,CAISO,CA,Los Angeles,VINCENT 230 kV,1000.0,2029-06-01,NOT PUBLISHED IN CAISO CLUSTER REQUEST LIST,Active,Hillside Energy Storage,Storage/Battery
P2936,AESO,AB,Fort Saskatchewan,NOT PUBLISHED IN AESO CONNECTION PROJECT LIST,970.0,2030-09-01,NOT PUBLISHED IN AESO CONNECTION PROJECT LIST,Under Study,GLDC Load Phase 1.1,Data Load
P3102,AESO,AB,Strathmore/Blackie,NOT PUBLISHED IN AESO CONNECTION PROJECT LIST,950.0,UNKNOWN,NOT PUBLISHED IN AESO CONNECTION PROJECT LIST,Under Study,Goldfinch Technology Park MPC Load,Data Load
P3101,AESO,AB,Didsbury,NOT PUBLISHED IN AESO CONNECTION PROJECT LIST,950.0,UNKNOWN,NOT PUBLISHED IN AESO CONNECTION PROJECT LIST,Under Study,Carstairs Technology Park MPC Load,Data Load
2234,CAISO,CA,Kings and Fresno,DRY LAKE SW STA 500 kV,900.0,2031-10-03,NOT PUBLISHED IN CAISO CLUSTER REQUEST LIST,Active,Ripple,Photovoltaic/Solar + Storage/Battery
1742,NYISO,NY,St. Lawrence,"NYPA HA-2, 345kV Transmission Line",860.0,2030-01-01,"St. Lawrence Infrastructure, LLC",Under Study,St. Lawrence Infrastructure 1,Load - Data Center (AI)
P3151,AESO,AB,Fort Saskatchewan,NOT PUBLISHED IN AESO CONNECTION PROJECT LIST,830.0,UNKNOWN,NOT PUBLISHED IN AESO CONNECTION PROJECT LIST,Under Study,GLDC Load Phase 1.2,Data Load
P3137,AESO,AB,Sheerness,NOT PUBLISHED IN AESO CONNECTION PROJECT LIST,800.0,UNKNOWN,NOT PUBLISHED IN AESO CONNECTION PROJECT LIST,Active,Sheerness Data MPC Load,Data Load
P3116,AESO,AB,Calgary,NOT PUBLISHED IN AESO CONNECTION PROJECT LIST,800.0,UNKNOWN,NOT PUBLISHED IN AESO CONNECTION PROJECT LIST,Under Study,Rocky View Data Center MPC Load,Data Load
2308,CAISO,CA,Fresno,LOS BANOS-GATES #3,800.0,2028-09-01,NOT PUBLISHED IN CAISO CLUSTER REQUEST LIST,Active,Broadview,Photovoltaic/Solar + Storage/Battery
2240,CAISO,CA,San Bernardino,LUGO-PISGAH NO.2,700.0,2031-03-01,NOT PUBLISHED IN CAISO CLUSTER REQUEST LIST,Active,Sunflower,Photovoltaic/Solar + Storage/Battery
S1156,MISO,TX,UNKNOWN,"NOT PUBLISHED BY MISO (Transmission Owner: ENTERGY TEXAS, INC. ETTO)",632.0,2026-08-29,NOT PUBLISHED IN MISO GI QUEUE DATA,Active,,
S1161,MISO,AR,UNKNOWN,"NOT PUBLISHED BY MISO (Transmission Owner: ENTERGY ARKANSAS, LLC EATO)",625.0,2025-08-01,NOT PUBLISHED IN MISO GI QUEUE DATA,Active,,
1765,NYISO,NY,Onondaga,National Grid - Clay Substation,606.0,2037-07-01,Eldo Varghese,Active,Micron Fab 3,Load - end-use not stated
2349,CAISO,CA,San Bernardino,LUGO 500 kV,600.0,2028-08-01,NOT PUBLISHED IN CAISO CLUSTER REQUEST LIST,Active,Aviation,Storage/Battery + Combustion Turbine/Hydrogen
2319,CAISO,CA,Kern,MAGUNDEN-PASTORIA NO.3,600.0,2031-03-01,NOT PUBLISHED IN CAISO CLUSTER REQUEST LIST,Active,Sunvine,Photovoltaic/Solar + Storage/Battery
2254,CAISO,CA,Fresno,MANNING 500 kV,600.0,2031-05-01,NOT PUBLISHED IN CAISO CLUSTER REQUEST LIST,Active,Solstice B,Photovoltaic/Solar + Storage/Battery
R5086,MISO,LA,Pointe Coupee,Big Cajun II 500kV Substation,593.0,2028-02-29,NOT PUBLISHED IN MISO GI QUEUE DATA,Active,,Battery Storage
1627,NYISO,NY,Onondaga,National Grid Clay 345 kV Substation,576.0,2027-12-01,Micron New York Semiconductor Manufacturing LLC,Facilities Study,Micron Fab 2,Load - Manufacturing (Microchip Fabrication)
J3075,MISO,IN,Sullivan,Merom Primary - Worthington Primary 345.0kV,560.0,2025-11-30,NOT PUBLISHED IN MISO GI QUEUE DATA,Facilities Study,,Hybrid - Solar/Battery
2252,CAISO,CA,Fresno,MANNING 500 kV,550.0,2031-05-01,NOT PUBLISHED IN CAISO CLUSTER REQUEST LIST,Active,Solstice A,Photovoltaic/Solar + Storage/Battery
S1157,MISO,TX,UNKNOWN,"NOT PUBLISHED BY MISO (Transmission Owner: ENTERGY TEXAS, INC. ETTO)",534.0,2026-08-29,NOT PUBLISHED IN MISO GI QUEUE DATA,Active,,
1143,ISO-NE,MA,Middlesex,"Mystic 345 kV between breaker 101, 106 and 107",508.25,2028-05-31,NOT PUBLISHED IN ISO-NE IRTT PUBLIC QUEUE,Active,Battery Storage,Battery Storage
2333,CAISO,CA,Calaveras,BELLOTA 230 kV,500.0,2028-04-01,NOT PUBLISHED IN CAISO CLUSTER REQUEST LIST,Active,Belterra Energy Storage,Storage/Battery
2207,CAISO,AZ,Yuma,NORTH GILA - HOODOO WASH (SDGE Portion Only),500.0,2030-06-01,NOT PUBLISHED IN CAISO CLUSTER REQUEST LIST,Active,Alisa Solar Energy Complex 2,Photovoltaic/Solar + Storage/Battery
J2190,MISO,AR,Mississippi,DELL EHV - SAN SOUCI 500.0kV,500.0,2024-08-15,NOT PUBLISHED IN MISO GI QUEUE DATA,IA in Progress,,Hybrid - Solar/Battery
2306,CAISO,CA,San Bernardino,LUGO 500 kV,500.0,2031-11-30,NOT PUBLISHED IN CAISO CLUSTER REQUEST LIST,Active,Chronos Energy Storage,Storage/Compressed Air
J3076,MISO,IL,Wabash,08GIBSON (PSI) - 7ALBION   345.0kV,500.0,2025-11-30,NOT PUBLISHED IN MISO GI QUEUE DATA,Facilities Study,,Hybrid - Solar/Battery
1567,ISO-NE,MA,Middlesex,"The Point of Interconnection will be a direct interconnection will be located on the IC’s property (Lat, long: 42°41'23.38""N, 71°26'20.43""W) by tapping the 345-kV Line 326-2 (Sandy Pond-Lawrence Rd), owned by RI_NGRID, at approx. 8.4 miles from the 345-kV Lawerence Rd Substation (42% of line from Lawerence Rd).",500.0,2028-04-27,NOT PUBLISHED IN ISO-NE IRTT PUBLIC QUEUE,Active,Battery Storage,Battery Storage
J4194,MISO,MN,Meeker,SHERBURNE CO,500.0,2028-12-31,NOT PUBLISHED IN MISO GI QUEUE DATA,Active,,Battery Storage
J4078,MISO,MN,Mower,ADAMS,500.0,2030-06-28,NOT PUBLISHED IN MISO GI QUEUE DATA,Active,,Battery Storage
J2694,MISO,IL,Christian,7COFFEEN  - 7PANA     345.0kV,500.0,2027-04-15,NOT PUBLISHED IN MISO GI QUEUE DATA,Facilities Study,,Hybrid - Solar/Wind/Battery
J4082,MISO,AR,Jefferson,Other_,500.0,2030-06-30,NOT PUBLISHED IN MISO GI QUEUE DATA,Active,,Battery Storage
J4072,MISO,MN,Redwood,Cedar Mountain - Lyon County 345.0kV,500.0,2030-09-30,NOT PUBLISHED IN MISO GI QUEUE DATA,Active,,Battery Storage
1543,ISO-NE,MA,Barnstable,The project will tap the 342-2 W line between the 345 kV Canal Substation and Jordan Tap with a new three breaker ring bus to connect the project,500.0,2028-12-01,NOT PUBLISHED IN ISO-NE IRTT PUBLIC QUEUE,Active,Battery Storage,Battery Storage
J1488,MISO,MO,Randolph,McCredie - Montgomery 345 kV Line Tap,500.0,2024-03-31,NOT PUBLISHED IN MISO GI QUEUE DATA,IA in Progress,,
2352,CAISO,CA,San Bernardino,CHINO 230 kV,500.0,2028-12-31,NOT PUBLISHED IN CAISO CLUSTER REQUEST LIST,Active,Yacht Rock,Storage/Battery
J2690,MISO,IL,Washington,Other_,500.0,2027-04-15,NOT PUBLISHED IN MISO GI QUEUE DATA,Facilities Study,,Hybrid - Solar/Wind/Battery
J1899,MISO,AR,Mississippi,DELL EHV - SAN SOUCI 500.0kV,500.0,2024-08-15,NOT PUBLISHED IN MISO GI QUEUE DATA,IA in Progress,,Hybrid - Solar/Battery
J2590,MISO,MI,Huron,Stein - Rapson 345 kV line,500.0,2025-04-01,NOT PUBLISHED IN MISO GI QUEUE DATA,Under Study,,Battery Storage
J1897,MISO,AR,Mississippi,DELL EHV - SAN SOUCI 500.0kV,500.0,2024-08-15,NOT PUBLISHED IN MISO GI QUEUE DATA,IA in Progress,,Hybrid - Solar/Battery
2286,CAISO,CA,San Joaquin,TESLA 500 kV,500.0,2031-03-14,NOT PUBLISHED IN CAISO CLUSTER REQUEST LIST,Active,Dove Cove,Storage/Battery
1741,NYISO,NY,Niagara,230kV lines 77 and 78,500.0,2029-12-01,North East Data LLC,Under Study,North East Data LLC Data Center,Load - Data Center
P2946,AESO,AB,Wabamun,NOT PUBLISHED IN AESO CONNECTION PROJECT LIST,500.0,UNKNOWN,NOT PUBLISHED IN AESO CONNECTION PROJECT LIST,Under Study,Genesee Data Center 2 MPC Load,Data Load
J1586,MISO,MI,Calhoun,Argenta to Tompkins 345kV line,499.0,2023-09-30,NOT PUBLISHED IN MISO GI QUEUE DATA,IA in Progress,,Hybrid - Solar/Battery
1536,NYISO,NY,Onondaga,Clay 345 kV Substation,480.0,2025-06-01,Micron New York Semiconductor Manufacturing LLC,IA in Progress,White Pine Phase 1,Load - Manufacturing (Microchip Fabrication)
1730,NYISO,NY,St Lawrence,Haverstock to Adirondak 345kV line HA-1,467.0,2027-05-01,Arconic Corporation,Under Study,Arsenal Data Site 1000,Load - Data Center (AI)
P3095,AESO,AB,Wabamun,NOT PUBLISHED IN AESO CONNECTION PROJECT LIST,466.0,UNKNOWN,NOT PUBLISHED IN AESO CONNECTION PROJECT LIST,Under Study,Keephills Data Centre Phase 2,Data Load
2293,CAISO,CA,Los Angeles,VINCENT 500 kV,450.0,2029-08-01,NOT PUBLISHED IN CAISO CLUSTER REQUEST LIST,Active,Shoals Energy Storage 2,Storage/Battery
J3030,MISO,AR,Jefferson,White Bluff to Sheridan 500kV,450.0,2027-06-01,NOT PUBLISHED IN MISO GI QUEUE DATA,Under Study,,Hybrid - Solar/Battery
P3112,AESO,AB,Calgary,NOT PUBLISHED IN AESO CONNECTION PROJECT LIST,450.0,UNKNOWN,NOT PUBLISHED IN AESO CONNECTION PROJECT LIST,Active,North Calgary Three Data Centre MPC Load,Data Load
2257,CAISO,NV,Nye,VALLEY SWITCH 230 kV,450.0,2030-06-01,NOT PUBLISHED IN CAISO CLUSTER REQUEST LIST,Active,Bristlecone,Photovoltaic/Solar + Storage/Battery
J2914,MISO,LA,St. Tammany,MCKNIGHT - PLANT DANIEL 500.0kV,450.0,2026-04-30,NOT PUBLISHED IN MISO GI QUEUE DATA,Under Study,,Hybrid - Solar/Battery
0979,NYISO,NY,St. Lawrence,Reynolds 115kV,435.0,2026-01-01,North Country Data Center,IA in Progress,North Country Data Center,Load - Data Center (Cryptocurrency Mining)
J1263,MISO,IL,Clark,Casey  - Kansas West 345kV Line,408.6,2022-01-01,NOT PUBLISHED IN MISO GI QUEUE DATA,IA in Progress,,Hybrid - Solar/Battery
P3136,AESO,AB,Wabamun,NOT PUBLISHED IN AESO CONNECTION PROJECT LIST,401.0,UNKNOWN,NOT PUBLISHED IN AESO CONNECTION PROJECT LIST,Active,Sundance Data MPC Load,Data Load
P3106,AESO,AB,Lethbridge,NOT PUBLISHED IN AESO CONNECTION PROJECT LIST,400.0,UNKNOWN,NOT PUBLISHED IN AESO CONNECTION PROJECT LIST,Active,Alberta South A.I. Load,Data Load
P3107,AESO,AB,Calgary,NOT PUBLISHED IN AESO CONNECTION PROJECT LIST,400.0,UNKNOWN,NOT PUBLISHED IN AESO CONNECTION PROJECT LIST,Active,Chestermere Enterprise A.I. Load,Data Load
P2935,AESO,AB,Edmonton,NOT PUBLISHED IN AESO CONNECTION PROJECT LIST,400.0,UNKNOWN,NOT PUBLISHED IN AESO CONNECTION PROJECT LIST,Under Study,Beacon Saunders Lake A.I. Hub Load,Data Load
P2926,AESO,AB,High River,NOT PUBLISHED IN AESO CONNECTION PROJECT LIST,400.0,UNKNOWN,NOT PUBLISHED IN AESO CONNECTION PROJECT LIST,Under Study,Beacon Foothills A.I. Hub Load,Data Load
P2927,AESO,AB,Wabamun,NOT PUBLISHED IN AESO CONNECTION PROJECT LIST,400.0,UNKNOWN,NOT PUBLISHED IN AESO CONNECTION PROJECT LIST,Under Study,Beacon Harry Smith A.I. Hub Load,Data Load
J2496,MISO,IN,White,Reynolds 345 kV Substation,400.0,2026-03-07,NOT PUBLISHED IN MISO GI QUEUE DATA,Facilities Study,,Battery Storage
P2928,AESO,AB,Calgary,NOT PUBLISHED IN AESO CONNECTION PROJECT LIST,400.0,UNKNOWN,NOT PUBLISHED IN AESO CONNECTION PROJECT LIST,Under Study,Beacon Langdon A.I. Hub Load,Data Load
P2934,AESO,AB,Fort Saskatchewan,NOT PUBLISHED IN AESO CONNECTION PROJECT LIST,400.0,UNKNOWN,NOT PUBLISHED IN AESO CONNECTION PROJECT LIST,Under Study,Beacon Heartland A.I. Hub Load,Data Load
S1125,MISO,AR,St. Francis,WEST MEMPHIS EHV - KEO EHV 500.0kV,400.0,2028-03-31,NOT PUBLISHED IN MISO GI QUEUE DATA,Active,,Battery Storage - Solar/Battery
2370,CAISO,CA,Merced,LOS BANOS 500 kV,400.0,2030-12-31,NOT PUBLISHED IN CAISO CLUSTER REQUEST LIST,Active,Carissalito Creek,Storage/Battery + Photovoltaic/Solar
2328,CAISO,CA,Stanislaus,QUINTO SW STA- FINK SW STA 230 kV,400.0,2029-07-31,NOT PUBLISHED IN CAISO CLUSTER REQUEST LIST,Active,Amanece,Photovoltaic/Solar + Storage/Battery
1762,NYISO,PA,Clearfield,"same POI of Q#1080 (Mineral Basin Solar), connects to NYSEG's L47 line",400.0,2029-03-01,"Highwall Energy, LLC",Under Study,Highwall Data Center,Load - Data Center
J3992,MISO,MI,Eaton,MAJESTIC - ONEIDA 345.0kV,400.0,2028-04-01,NOT PUBLISHED IN MISO GI QUEUE DATA,Active,,Battery Storage
J4093,MISO,MI,Mason,PERE MARQUETTE,400.0,2030-06-30,NOT PUBLISHED IN MISO GI QUEUE DATA,Active,,Battery Storage
1740,NYISO,NY,Herkimer,Line 1: 345KV from EDIC to Fraser. Line 2: 345 KV from Marcy to Coopers Corners,400.0,2027-07-01,Turin Management LLC,Under Study,Incremental Load Request for Remington Factory Redevelopment,Load - Data Center
2361,CAISO,CA,Kern,DRY LAKE SW STA 500 kV,400.0,2029-06-30,NOT PUBLISHED IN CAISO CLUSTER REQUEST LIST,Active,Maravillosa 2,Photovoltaic/Solar + Storage/Battery
J2907,MISO,AR,Grant,Sheridan 500 kV,400.0,2026-05-26,NOT PUBLISHED IN MISO GI QUEUE DATA,Under Study,,Hybrid - Solar/Battery
J3015,MISO,IL,Iroquois,Gilman - Watseka 138kV,400.0,2027-06-01,NOT PUBLISHED IN MISO GI QUEUE DATA,Facilities Study,,Hybrid - Wind/Battery
2366,CAISO,CA,Riverside,DEVERS 500 kV,400.0,2029-12-15,NOT PUBLISHED IN CAISO CLUSTER REQUEST LIST,Active,MATTERHORN,Wind Turbine/Wind + Storage/Battery + Photovoltaic/Solar
P3175,AESO,AB,Fort Saskatchewan,NOT PUBLISHED IN AESO CONNECTION PROJECT LIST,400.0,UNKNOWN,NOT PUBLISHED IN AESO CONNECTION PROJECT LIST,Active,Beacon Heartland Data Load,Data Load
J2302,MISO,LA,St. Helena,MCKNIGHT - PLANT DANIEL 500.0kV,400.0,2024-08-01,NOT PUBLISHED IN MISO GI QUEUE DATA,IA in Progress,,Hybrid - Solar/Battery
J2304,MISO,WI,Columbia,Columbia - Rockdale 345.0kV,400.0,2024-04-15,NOT PUBLISHED IN MISO GI QUEUE DATA,Facilities Study,,Battery Storage
C24-233,NYISO,PA,Clearfield,Homer City - Mainesburg 345kV Line (L47),400.0,2029-03-01,"Shallow Seam Energy Storage, LLC",Facilities Study,Shallow Seam BESS,Energy Storage
J2173,MISO,MS,Hinds,BOLTON,396.0,2024-04-15,NOT PUBLISHED IN MISO GI QUEUE DATA,IA in Progress,,Hybrid - Solar/Battery
S1162,MISO,AR,UNKNOWN,"NOT PUBLISHED BY MISO (Transmission Owner: ENTERGY ARKANSAS, LLC EATO)",390.0,2029-03-01,NOT PUBLISHED IN MISO GI QUEUE DATA,Active,,
2250,CAISO,CA,Fresno,MANNING 500 kV,369.0,2031-05-01,NOT PUBLISHED IN CAISO CLUSTER REQUEST LIST,Active,Stable,Photovoltaic/Solar + Storage/Battery
2260,CAISO,CA,Kings,MANNING 500 kV,362.0,2030-10-01,NOT PUBLISHED IN CAISO CLUSTER REQUEST LIST,Active,Sunglow,Photovoltaic/Solar + Storage/Battery
J3994,MISO,MI,Monroe,18MOROCCO 256583,360.0,2028-04-01,NOT PUBLISHED IN MISO GI QUEUE DATA,Active,,Battery Storage
J3872,MISO,MI,Wayne,RIVER ROUGE,350.0,2029-01-05,NOT PUBLISHED IN MISO GI QUEUE DATA,Under Study,,Battery Storage
J1946,MISO,MS,Jasper,230 kV Missionary Substation,350.0,2024-10-30,NOT PUBLISHED IN MISO GI QUEUE DATA,IA in Progress,,Hybrid - Solar/Battery
1763,NYISO,PA,Tioga,Tap on the NYSEG 345 kV Line 47 (Homer City -Mainesburg 345 kV),350.0,2029-02-01,"Patriot Forge PA, LLC",Under Study,Patriot Forge,Load - Data Center
2246,CAISO,CA,Kern,WHIRLWIND 230 kV,350.0,2029-12-01,NOT PUBLISHED IN CAISO CLUSTER REQUEST LIST,Active,Moonraker,Storage/Battery
2342,CAISO,CA,Kern,DRY LAKE SW STA 500 kV,350.0,2029-07-31,NOT PUBLISHED IN CAISO CLUSTER REQUEST LIST,Active,East Wonder,Photovoltaic/Solar + Storage/Battery
J2390,MISO,IL,Fulton,Ipava 138kV,350.0,2028-09-30,NOT PUBLISHED IN MISO GI QUEUE DATA,Facilities Study,,Hybrid - Solar/Battery
2247,CAISO,CA,Kern,WHIRLWIND 230 kV,350.0,2029-12-01,NOT PUBLISHED IN CAISO CLUSTER REQUEST LIST,Active,Zama,Storage/Battery
C24-283,NYISO,NY,Richmond,Goethals 345 kV,349.0,2028-12-01,"Resilient New York Storage, LLC by Hanwha Energy USA Holdings Corporation",Facilities Study,Resilient New York Energy Storage,Energy Storage
J4088,MISO,AR,Lee,Wheatley 500 kV Switching Station (being built by J1710 & J1820),340.0,2028-03-01,NOT PUBLISHED IN MISO GI QUEUE DATA,Under Study,,Hybrid - Solar/Battery
J4168,MISO,MN,Goodhue,NROC 3 (601039) to PR ISLD3 (601003) 345 kV line,330.0,2028-04-03,NOT PUBLISHED IN MISO GI QUEUE DATA,Under Study,,Battery Storage
R5088,MISO,LA,Calcasieu,GOOS FERRY,325.0,2027-09-01,NOT PUBLISHED IN MISO GI QUEUE DATA,Active,,Hybrid - Solar/Battery
P2845,AESO,AB,Cold Lake,NOT PUBLISHED IN AESO CONNECTION PROJECT LIST,320.0,2029-03-31,NOT PUBLISHED IN AESO CONNECTION PROJECT LIST,Facilities Study,Marguerite Lake CAE Storage,Compressed Air Energy Storage
P3046,AESO,AB,Cold Lake,NOT PUBLISHED IN AESO CONNECTION PROJECT LIST,320.0,2029-09-01,NOT PUBLISHED IN AESO CONNECTION PROJECT LIST,Facilities Study,Marguerite Lake Compressed Air Phase 2,Compressed Air Energy Storage
P2958,AESO,AB,Fort Saskatchewan,NOT PUBLISHED IN AESO CONNECTION PROJECT LIST,320.0,UNKNOWN,NOT PUBLISHED IN AESO CONNECTION PROJECT LIST,Under Study,Hydrogen Canada MPC Load,Industrial Load
P2619,AESO,AB,Fort Macleod,NOT PUBLISHED IN AESO CONNECTION PROJECT LIST,315.0,2030-10-07,NOT PUBLISHED IN AESO CONNECTION PROJECT LIST,Facilities Study,Sweetgrass MPC Solar Battery,Solar + Storage
P3156,AESO,AB,Calgary,NOT PUBLISHED IN AESO CONNECTION PROJECT LIST,300.0,UNKNOWN,NOT PUBLISHED IN AESO CONNECTION PROJECT LIST,Active,High Plains East Industrial Park,Data Load
P2411,AESO,AB,Empress,NOT PUBLISHED IN AESO CONNECTION PROJECT LIST,300.0,2028-01-15,NOT PUBLISHED IN AESO CONNECTION PROJECT LIST,IA in Progress,Northland Power Jurassic MPC Solar Battery,Solar + Storage
J2423,MISO,WI,Columbia,Columbia-North Madison 345kV,300.0,2027-10-01,NOT PUBLISHED IN MISO GI QUEUE DATA,Under Study,,Battery Storage
J4098,MISO,LA,Lafayette,Rork - Sellers Road 230.0kV,300.0,2030-06-30,NOT PUBLISHED IN MISO GI QUEUE DATA,Under Study,,Battery Storage
J3518,MISO,MO,Gasconade,BLAND,300.0,2028-10-31,NOT PUBLISHED IN MISO GI QUEUE DATA,Under Study,,Battery Storage
C24-358,NYISO,NY,Orange,Sugarloaf 138 kV Substation,300.0,2029-12-01,Hambletonian Energy Storage LLC,Facilities Study,Sugar Loaf Energy Storage I,Energy Storage
2356,CAISO,CA,Fresno,HARLAN SW STA 500 kV,300.0,2029-12-01,NOT PUBLISHED IN CAISO CLUSTER REQUEST LIST,Active,Maestro,Photovoltaic/Solar + Storage/Battery
J3114,MISO,IN,Greene,Sandborn Primary - Worthington Primary 161.0kV,300.0,2026-06-30,NOT PUBLISHED IN MISO GI QUEUE DATA,Facilities Study,,Hybrid - Solar/Battery
J3006,MISO,WI,Milwaukee,Granville345kV Substation,300.0,2028-03-01,NOT PUBLISHED IN MISO GI QUEUE DATA,Under Study,,Battery Storage
2317,CAISO,CA,San Bernardino,MIRA LOMA 230 kV,300.0,2031-04-01,NOT PUBLISHED IN CAISO CLUSTER REQUEST LIST,Active,Twinkle,Storage/Battery
J2647,MISO,IL,Franklin,West Frankfort East 345 kV (7E W FKFT),300.0,2028-02-01,NOT PUBLISHED IN MISO GI QUEUE DATA,Facilities Study,,Battery Storage
2362,CAISO,CA,Kings,DRY LAKE SW STA 500 kV,300.0,2029-03-30,NOT PUBLISHED IN CAISO CLUSTER REQUEST LIST,Active,MidBishop,Storage/Battery + Photovoltaic/Solar
J3216,MISO,IL,Peoria,Bloomington Brokaw,300.0,2027-04-01,NOT PUBLISHED IN MISO GI QUEUE DATA,Facilities Study,,Battery Storage
J3027,MISO,IL,Stark,7FARGO - 7SANDBURG 345.0kV,300.0,2027-06-01,NOT PUBLISHED IN MISO GI QUEUE DATA,Facilities Study,,Hybrid - Wind/Battery
C24-005,NYISO,NY,Bronx,Mott Haven 138KV Bus,300.0,2028-12-01,Blue Spruce Storage LLC,Facilities Study,Blue Spruce Storage,Energy Storage
J2469,MISO,IA,Linn,Sub K (Tiffin)-Duane Arnold 345kV,300.0,2027-10-01,NOT PUBLISHED IN MISO GI QUEUE DATA,Under Study,,Battery Storage
J3417,MISO,IL,Macon,Oreana,300.0,2028-09-06,NOT PUBLISHED IN MISO GI QUEUE DATA,Active,,Battery Storage
P3110,AESO,AB,Peace River,NOT PUBLISHED IN AESO CONNECTION PROJECT LIST,300.0,UNKNOWN,NOT PUBLISHED IN AESO CONNECTION PROJECT LIST,Active,Mihta Askiy Data Load,Data Load
C26-0002,NYISO,NY,Queens,Astoria East 138 kV,300.0,2031-12-01,Roma Storage LLC,Active,Roma Storage,Energy Storage
C24-352,NYISO,NY,Wyoming,Wethersfield 230 kV Substation,300.0,2029-12-01,Sawhall Energy Storage LLC,Facilities Study,Swiss Valley Energy Storage,Energy Storage
0580,NYISO,NY,Genesee,Kintigh/Niagara - New Rochester 345kV,300.0,2026-11-01,Genesee County Economic Devel.,IA in Progress,WNY STAMP,Load - Data Center
J3525,MISO,IL,Rock Island,SUB 47,300.0,2028-09-06,NOT PUBLISHED IN MISO GI QUEUE DATA,Active,,Battery Storage
J2215,MISO,IN,Lake,SCHAHFER GEN STA - ST. JOHN 345.0kV,300.0,2024-09-30,NOT PUBLISHED IN MISO GI QUEUE DATA,Facilities Study,,Battery Storage
J3946,MISO,IL,Tazewell,Tazewell,300.0,2030-06-01,NOT PUBLISHED IN MISO GI QUEUE DATA,Under Study,,Battery Storage
2336,CAISO,CA,Kings,DRY LAKE SW STA 500 kV,300.0,2029-03-30,NOT PUBLISHED IN CAISO CLUSTER REQUEST LIST,Active,Brown Bear,Storage/Battery + Photovoltaic/Solar
J3840,MISO,LA,St. Landry,Wells,300.0,2030-06-30,NOT PUBLISHED IN MISO GI QUEUE DATA,Under Study,,Battery Storage
J2205,MISO,MO,Callaway,J1145 New 345kV POI Substation (Ameren Overton-Montgomery 345kV Line),300.0,2024-09-01,NOT PUBLISHED IN MISO GI QUEUE DATA,Facilities Study,,Hybrid - Solar/Battery
J4016,MISO,MI,Tuscola,ATLANTA - THETFORD [KARN] 138.0kV,300.0,2029-12-30,NOT PUBLISHED IN MISO GI QUEUE DATA,Active,,Battery Storage
J2377,MISO,IL,Peoria,7CLINTON  - 7BROKAW 345.0kV,300.0,2028-04-01,NOT PUBLISHED IN MISO GI QUEUE DATA,Facilities Study,,Battery Storage
J3558,MISO,IL,Champaign,Rising,300.0,2027-09-10,NOT PUBLISHED IN MISO GI QUEUE DATA,Active,,Battery Storage
J2128,MISO,IL,Coles,7ARLAND - 7FARADAY 345.0kV,300.0,2024-08-31,NOT PUBLISHED IN MISO GI QUEUE DATA,Facilities Study,,Hybrid - Wind/Battery
1148,ISO-NE,MA,Suffolk,"Electric Avenue 115 kV substation (bus number 110926), Zone MA_NST",300.0,2028-05-26,NOT PUBLISHED IN ISO-NE IRTT PUBLIC QUEUE,Active,Lite Brite Battery Storage,Battery Storage
S1142,MISO,LA,East Feliciana,MOLER - COLFEL 230.0kV,300.0,2027-08-20,NOT PUBLISHED IN MISO GI QUEUE DATA,Active,,Battery Storage
1238,ISO-NE,MA,Norfolk,West Medway 345kV station,300.0,2028-04-28,NOT PUBLISHED IN ISO-NE IRTT PUBLIC QUEUE,Active,Battery Storage,Battery Storage
J4094,MISO,MI,Huron,GRASSMERE,300.0,2030-06-30,NOT PUBLISHED IN MISO GI QUEUE DATA,Active,,Battery Storage
1484,NYISO,NY,Genesee,115 kv STAMP substation,300.0,2028-05-01,GCEDC,IA in Progress,580 STAMP load increase,Load - Data Center
2351,CAISO,CA,San Bernardino,LUGO 500 kV,300.0,2028-08-01,NOT PUBLISHED IN CAISO CLUSTER REQUEST LIST,Active,Duran,Storage/Battery + Combustion Turbine/Hydrogen
2298,CAISO,CA,Kings,DRY LAKE SW STA 500 kV,300.0,2029-03-30,NOT PUBLISHED IN CAISO CLUSTER REQUEST LIST,Active,Blue Star,Photovoltaic/Solar + Storage/Battery
J2716,MISO,MN,Dakota,HAMPTON 345 KV,300.0,2027-04-15,NOT PUBLISHED IN MISO GI QUEUE DATA,Under Study,,Battery Storage
J4095,MISO,MI,Huron,GRASSMERE,300.0,2030-06-30,NOT PUBLISHED IN MISO GI QUEUE DATA,Active,,Battery Storage
S1054,MISO,MN,Cottonwood,Lakefield Junction 345kV,300.0,2027-10-30,NOT PUBLISHED IN MISO GI QUEUE DATA,Active,,
J3199,MISO,MO,Adair,Zachary 345kV,300.0,2026-12-22,NOT PUBLISHED IN MISO GI QUEUE DATA,Facilities Study,,Hybrid - Solar/Battery
1731,NYISO,NY,St. Lawrence,Haverstock-Adirondack 345kV transmission line HA-2,300.0,2029-12-01,"ZeroC Data Centers, LLC",Under Study,New York State Artificial Intelligence Data Center,Load - Data Center (AI)
2297,CAISO,CA,Madera,TESLA 230 kV,300.0,2031-03-31,NOT PUBLISHED IN CAISO CLUSTER REQUEST LIST,Active,Galadriel,Storage/Battery
C24-148,NYISO,NY,Rensselaer,Eastover 115kV,300.0,2029-12-01,"Emeren US, LLC",Facilities Study,Willard Storage,Energy Storage
1726,NYISO,NY,Erie,Huntley - Packard 230kV line 78,300.0,2027-12-01,"Riverview Innovation & Technology Campus, Inc.",Under Study,Data & Technology Campus,Load - Data Center
2263,CAISO,CA,Santa Clara,LOS ESTEROS 115 kV,300.0,2029-06-01,NOT PUBLISHED IN CAISO CLUSTER REQUEST LIST,Active,Jackrabbit Power Bank,Storage/Battery
C26-0020,NYISO,NY,Lowville,115kV Waters Road Station,300.0,2030-09-01,Brookside Forest Energy Storage LLC,Active,Brookside Forest,Energy Storage
P2553,AESO,AB,Provost,NOT PUBLISHED IN AESO CONNECTION PROJECT LIST,300.0,2029-12-01,NOT PUBLISHED IN AESO CONNECTION PROJECT LIST,IA in Progress,Dolcy MPC Solar and Storage,Solar + Storage
1515,ISO-NE,MA,Berkshire,Alps-Berkshire 345kV line,290.0,2028-08-30,NOT PUBLISHED IN ISO-NE IRTT PUBLIC QUEUE,Active,Battery Storage,Battery Storage
2268,CAISO,CA,San Bernardino,CALCITE 230 kV,288.0,2031-12-31,NOT PUBLISHED IN CAISO CLUSTER REQUEST LIST,Active,Sienna 3,Photovoltaic/Solar + Storage/Battery
P2464,AESO,AB,Sheerness,NOT PUBLISHED IN AESO CONNECTION PROJECT LIST,280.0,2029-08-31,NOT PUBLISHED IN AESO CONNECTION PROJECT LIST,IA in Progress,Sunnynook Solar Battery,Solar + Storage
1736,NYISO,NY,Onondaga,Clay to Pannell ckts PC-1 and PC-2,270.0,2027-06-01,Ranalli SuperDC LLC,Under Study,Ranalli SuperDC,Load - Data Center
1745,NYISO,NY,St Lawrence,Haverstock-Adirondack 345kV transmission lines,250.0,2028-06-01,American Data Center Partners LLC,Under Study,Pontoon Bridge Road Data Center,Load - Data Center
C26-0022,NYISO,NY,Onondaga,Clay 345 kV Substation,250.0,2030-12-01,"Terra-Gen Development Company, LLC",Active,Clay Energy Storage 1,Energy Storage
C26-0016,NYISO,NY,Orange,Rock Tavern 345 kV Substation,250.0,2030-09-01,"Terra-Gen Development Company, LLC",Active,Arch 5,Energy Storage
C26-0013,NYISO,NY,Dutchess,Hurley Avenue 345 kV Substation,250.0,2030-09-01,"Terra-Gen Development Company, LLC",Active,Alcazar 3,Energy Storage
J3848,MISO,MN,Wabasha,Wabaco,250.0,2030-06-30,NOT PUBLISHED IN MISO GI QUEUE DATA,Under Study,,Battery Storage
J4153,MISO,SD,Grant,Big Stone South 345 kV substation,250.0,2031-06-28,NOT PUBLISHED IN MISO GI QUEUE DATA,Active,,Battery Storage
J2272,MISO,IA,Clinton,Calamus East,250.0,2024-09-01,NOT PUBLISHED IN MISO GI QUEUE DATA,Facilities Study,,Hybrid - Solar/Battery
J2581,MISO,IN,Ripley,Batesville 138kV Substation,250.0,2027-09-30,NOT PUBLISHED IN MISO GI QUEUE DATA,Facilities Study,,Battery Storage
2244,CAISO,CA,Merced,QUINTO SW STA 230 kV,250.0,2028-06-01,NOT PUBLISHED IN CAISO CLUSTER REQUEST LIST,Active,Annapurna,Storage/Battery
J2628,MISO,MI,Huron,RAPSON,250.0,2028-07-01,NOT PUBLISHED IN MISO GI QUEUE DATA,Under Study,,Battery Storage
2216,CAISO,CA,Merced,QUINTO SW STA 230 kV,250.0,2029-06-30,NOT PUBLISHED IN CAISO CLUSTER REQUEST LIST,Active,Fika,Storage/Battery
1732,NYISO,NY,Niagara,Kintigh 345kV sub-station,250.0,2030-07-01,TeraWulf Brookings LLC,Under Study,Wulf Compute Data Center II,Load - Data Center (AI)
1670,NYISO,NY,Niagara,Kintigh 345kV Substation,250.0,2027-02-01,Lake Mariner Data LLC,Under Study,Lake Mariner Data II,Load - Data Center (AI)
1752,NYISO,NY,Broome,345 kV POI via a loop on the existing Oakdale-Fraser Line 32. The interconnection substation will have a ring bus configuration.,250.0,2037-07-01,The Agency,Under Study,Broome County Tech Park,Load - Research and Development
J2100,MISO,MI,Van Buren,ARGENTA - PALISADES 345.0kV,250.0,2024-09-30,NOT PUBLISHED IN MISO GI QUEUE DATA,Facilities Study,,Battery Storage
J2139,MISO,MI,Livingston,BLACKFOOT - MADRID 345.0kV,250.0,2024-09-01,NOT PUBLISHED IN MISO GI QUEUE DATA,Facilities Study,,Hybrid - Solar/Battery
J3894,MISO,MN,Lyon,Lyon County - Brookings County 345.0kV,250.0,2030-05-01,NOT PUBLISHED IN MISO GI QUEUE DATA,Under Study,,Battery Storage
J3352,MISO,MO,Cape Girardeau,LUTESVILLE,250.0,2027-12-17,NOT PUBLISHED IN MISO GI QUEUE DATA,Active,,Battery Storage
J2691,MISO,MO,Bollinger,7RUSH     - 7BALDWIN 345.0kV,250.0,2027-04-15,NOT PUBLISHED IN MISO GI QUEUE DATA,Facilities Study,,Hybrid - Solar/Wind/Battery
J4058,MISO,MI,Huron,WYATT,250.0,2028-06-01,NOT PUBLISHED IN MISO GI QUEUE DATA,Active,,Battery Storage
J3235,MISO,MN,Benton,Cherry Park Substation,250.0,2028-01-15,NOT PUBLISHED IN MISO GI QUEUE DATA,Active,,Battery Storage
J3977,MISO,MI,Sanilac,GREENWOOD - RAPSON 345.0kV,250.0,2029-06-01,NOT PUBLISHED IN MISO GI QUEUE DATA,Active,,Battery Storage
J4167,MISO,MI,Allegan,ARGENTA,250.0,2030-10-31,NOT PUBLISHED IN MISO GI QUEUE DATA,Active,,Battery Storage
J4026,MISO,MI,Lenawee,BEECHER - KNOWLES 138.0kV,250.0,2029-01-01,NOT PUBLISHED IN MISO GI QUEUE DATA,Active,,Battery Storage
J4081,MISO,SD,Grant,Big Stone South 345 kV substation,250.0,2031-06-28,NOT PUBLISHED IN MISO GI QUEUE DATA,Active,,Battery Storage
2248,CAISO,CA,Fresno,MANNING 500 kV,250.0,2031-05-01,NOT PUBLISHED IN CAISO CLUSTER REQUEST LIST,Active,Bolt,Photovoltaic/Solar + Storage/Battery
J2899,MISO,LA,Calcasieu,GOOS FERRY - CHALKLEY CO 230.0kV,250.0,2026-04-30,NOT PUBLISHED IN MISO GI QUEUE DATA,Under Study,,Hybrid - Solar/Battery
1365,ISO-NE,MA,Hampden,Connect to South Agawam 115 kV switchyard,250.0,2029-06-30,NOT PUBLISHED IN ISO-NE IRTT PUBLIC QUEUE,Active,Battery Storage,Battery Storage
J4118,MISO,IL,McLean,Radbourn 345kV (LRTP-41),250.0,2030-09-30,NOT PUBLISHED IN MISO GI QUEUE DATA,Active,,Battery Storage
J3656,MISO,MI,Saginaw,BAUER,250.0,2028-06-30,NOT PUBLISHED IN MISO GI QUEUE DATA,Active,,Battery Storage
P2707,AESO,AB,Hanna,NOT PUBLISHED IN AESO CONNECTION PROJECT LIST,250.0,2029-06-01,NOT PUBLISHED IN AESO CONNECTION PROJECT LIST,Facilities Study,Sounding Creek Solar Battery,Solar + Storage
J3438,MISO,MI,Saginaw,MURPHY,250.0,2028-06-30,NOT PUBLISHED IN MISO GI QUEUE DATA,Active,,Battery Storage
J2091,MISO,MS,DeSoto,TWINKLETOWN 230 KV,250.0,2025-02-22,NOT PUBLISHED IN MISO GI QUEUE DATA,IA in Progress,,Battery Storage
P3034,AESO,AB,Red Deer,NOT PUBLISHED IN AESO CONNECTION PROJECT LIST,250.0,2028-10-01,NOT PUBLISHED IN AESO CONNECTION PROJECT LIST,Facilities Study,Valley Edge Battery,Battery Storage
1115,ISO-NE,MA,Suffolk,Sta 488 Chelsea 115 kV substation,250.0,2027-12-14,NOT PUBLISHED IN ISO-NE IRTT PUBLIC QUEUE,Active,Hecate Energy Eastern Ave Energy Center,Battery Storage
J4198,MISO,IL,Christian,Pana 138 kV,250.0,2030-01-01,NOT PUBLISHED IN MISO GI QUEUE DATA,Active,,Battery Storage
J3836,MISO,MI,Eaton,ONEIDA,250.0,2028-10-06,NOT PUBLISHED IN MISO GI QUEUE DATA,Under Study,,Battery Storage
J3443,MISO,MN,Big Stone,Big Stone South - Alexandira 345kV,250.0,2028-06-01,NOT PUBLISHED IN MISO GI QUEUE DATA,Active,,Hybrid - Wind/Battery
2264,CAISO,CA,San Joaquin,KASSON 115 kV,250.0,2030-12-26,NOT PUBLISHED IN CAISO CLUSTER REQUEST LIST,Active,Zeitgeist K Energy Center,Storage/Battery
J3077,MISO,IN,Gibson,Francisco 345/138kV,250.0,2026-11-30,NOT PUBLISHED IN MISO GI QUEUE DATA,Facilities Study,,Hybrid - Solar/Battery
C24-074,NYISO,NY,Chautauqua,Gardenville - Dunkirk Line 74 230 kV,250.0,2027-06-01,"Lighthouse Battery, LLC",Facilities Study,Lighthouse Energy Storage,Energy Storage
C24-165,NYISO,NY,Columbia,Churchtown 115 kV Substation,250.0,2029-12-01,"KCE NY 38, LLC",Facilities Study,KCE NY 38,Energy Storage
J2267,MISO,IL,Williamson,345 kV Crab Orchard Substation,250.0,2025-03-31,NOT PUBLISHED IN MISO GI QUEUE DATA,Facilities Study,,Hybrid - Solar/Battery
C24-183,NYISO,NY,Suffolk,Holbrook - North Shore Beach 138kV,248.0,2029-12-01,"East Setauket Energy Storage, LLC",Facilities Study,East Setauket Storage II,Energy Storage
J4117,MISO,MN,Goodhue,North Rochester - Prairie Island 345.0kV,240.0,2030-09-01,NOT PUBLISHED IN MISO GI QUEUE DATA,Under Study,,Battery Storage
2280,CAISO,CA,Merced,FINK SW STA 230 kV,240.0,2031-03-14,NOT PUBLISHED IN CAISO CLUSTER REQUEST LIST,Active,Cantus,Storage/Battery + Photovoltaic/Solar
J2567,MISO,MI,Oceana,KENOWA - LUDINGTON 345.0kV,240.0,2025-04-01,NOT PUBLISHED IN MISO GI QUEUE DATA,Under Study,,Battery Storage
1729,NYISO,NY,St Lawrence,Haverstock to Adirondak 345kV line HA-1,233.0,2028-08-01,Arconic Corporation,Under Study,Arsenal Data Site 500,Load - Data Center (AI)
1728,NYISO,NY,St Lawrence,Haverstock to Adirondak 345kV line HA-1,233.0,2028-10-01,Arconic Corporation,Under Study,Arsenal Data Site 250,Load - Data Center (AI)
P2614,AESO,AB,Fort Saskatchewan,NOT PUBLISHED IN AESO CONNECTION PROJECT LIST,231.0,2027-09-01,NOT PUBLISHED IN AESO CONNECTION PROJECT LIST,IA in Progress,Dow Fort Sask. Load,Industrial Load
S1148,MISO,MN,Rock,Magnolia,230.0,2027-10-01,NOT PUBLISHED IN MISO GI QUEUE DATA,Active,,
P3083,AESO,AB,Wabamun,NOT PUBLISHED IN AESO CONNECTION PROJECT LIST,230.0,UNKNOWN,NOT PUBLISHED IN AESO CONNECTION PROJECT LIST,Under Study,Keephills Data Centre Phase 1.1,Data Load
C24-364,NYISO,NY,Niagara,Robinson Road 115 kV,230.0,2029-02-01,"RWE Solar Development, LLC",Facilities Study,Erie Canal BESS,Energy Storage
J3528,MISO,IL,Jasper,7CASEY    - 7NEWTON   345.0kV,225.0,2026-12-30,NOT PUBLISHED IN MISO GI QUEUE DATA,Active,,Hybrid - Solar/Battery
J3696,MISO,MI,Montcalm,NELSON ROAD - VERGENNES 345.0kV,225.0,2026-12-30,NOT PUBLISHED IN MISO GI QUEUE DATA,Active,,Battery Storage
J3727,MISO,IL,Madison,Mississippi,225.0,2028-06-30,NOT PUBLISHED IN MISO GI QUEUE DATA,Active,,Battery Storage
S1086,MISO,MO,Stoddard,Stoddard - Morley 161kV,225.0,2026-12-01,NOT PUBLISHED IN MISO GI QUEUE DATA,Active,,
S1130,MISO,MI,UNKNOWN,NOT PUBLISHED BY MISO (Transmission Owner: METC),225.0,2027-03-15,NOT PUBLISHED IN MISO GI QUEUE DATA,Active,,
P2789,AESO,AB,Alliance/Battle River,NOT PUBLISHED IN AESO CONNECTION PROJECT LIST,225.0,2028-08-31,NOT PUBLISHED IN AESO CONNECTION PROJECT LIST,IA in Progress,Red Willow Solar Battery,Solar + Storage
1557,ISO-NE,MA,Essex,115 kV Wakefield Junction Substation,225.0,2028-01-01,NOT PUBLISHED IN ISO-NE IRTT PUBLIC QUEUE,Active,Battery Storage,Battery Storage
J2924,MISO,AR,Columbia,EL DORADO EHV - SAREPTA 345/115 SS 345.0kV,222.0,2027-10-31,NOT PUBLISHED IN MISO GI QUEUE DATA,Under Study,,Hybrid - Solar/Battery
1007,NYISO,NY,Kings,Hudson Ave 138 kV,220.1,2027-06-01,NYC Energy,IA in Progress,NYC Energy LLC - Phase 2,Energy Storage
J3646,MISO,MI,St. Clair,ST. CLAIR,220.0,2028-11-01,NOT PUBLISHED IN MISO GI QUEUE DATA,Active,,Battery Storage
P2616,AESO,AB,Fort Macleod,NOT PUBLISHED IN AESO CONNECTION PROJECT LIST,218.0,2029-08-01,NOT PUBLISHED IN AESO CONNECTION PROJECT LIST,Facilities Study,Jumbo Battery,Battery Storage
S1057,MISO,IL,Cumberland and Coles,Neoga South,210.0,2027-07-11,NOT PUBLISHED IN MISO GI QUEUE DATA,Active,,
J3586,MISO,TX,Montgomery,JACINTO - PEACH CREEK 230.0kV,205.8,2028-01-01,NOT PUBLISHED IN MISO GI QUEUE DATA,Active,,Solar - Solar/Battery
1089,ISO-NE,CT,New Haven,Devon 115 kV open position between 4T and 5T,205.32,2028-10-31,NOT PUBLISHED IN ISO-NE IRTT PUBLIC QUEUE,Active,Naugatuck Avenue Battery Storage,Battery Storage
J3780,MISO,IA,Buchanan,Hazleton,205.0,2028-06-30,NOT PUBLISHED IN MISO GI QUEUE DATA,Active,,Battery Storage
1163,ISO-NE,RI,Washington,RIE L190-2 (0.615 miles from Davisville and 1.935 miles from Old Baptist substations).,205.0,2029-12-07,NOT PUBLISHED IN ISO-NE IRTT PUBLIC QUEUE,Active,Battery Storage,Battery Storage
1122,NYISO,NY,Dutchess,Shenandoah 115kV,205.0,2029-12-01,"East Fishkill Storage 1, LLC",IA in Progress,East Fishkill,Energy Storage
1110,ISO-NE,MA,Middlesex,Mystic 115kV,204.0,2028-03-18,NOT PUBLISHED IN ISO-NE IRTT PUBLIC QUEUE,Active,Norman Street Battery Storage,Battery Storage
1320,ISO-NE,MA,Worcester,National Grid 115KV Line R144 between Millbury No. 2 and Woonsocket substations - approximately 5.8 circuit miles from Woonsocket substation.,203.95,2027-02-23,NOT PUBLISHED IN ISO-NE IRTT PUBLIC QUEUE,Active,Battery Storage,Battery Storage
J3031,MISO,IL,Jefferson,4WLTNVL TP 138 kV,200.0,2026-10-31,NOT PUBLISHED IN MISO GI QUEUE DATA,Facilities Study,,Battery Storage
0683,NYISO,NY,Montgomery,Coldenham 115kV,200.0,2027-06-01,"KCE NY 2, LLC",IA in Progress,KCE NY 2,Energy Storage
2253,CAISO,CA,Fresno,MANNING 500 kV,200.0,2031-05-01,NOT PUBLISHED IN CAISO CLUSTER REQUEST LIST,Active,Solstice C,Photovoltaic/Solar + Storage/Battery
2360,CAISO,CA,Kings,DRY LAKE SW STA 500 kV,200.0,2029-06-30,NOT PUBLISHED IN CAISO CLUSTER REQUEST LIST,Active,Maravillosa 1,Photovoltaic/Solar + Storage/Battery
J3122,MISO,AR,Crittenden,"Marked Tree – Marion 161kV Tap at 35.3902, -90.3372",200.0,2029-10-01,NOT PUBLISHED IN MISO GI QUEUE DATA,Under Study,,Hybrid - Wind/Battery
J2663,MISO,IN,White,Reynolds - Burr Oak 345 kV Line,200.0,2026-05-01,NOT PUBLISHED IN MISO GI QUEUE DATA,Facilities Study,,Battery Storage
J3230,MISO,AR,Crittenden,PARKIN - GILMORE 161.0kV,200.0,2029-10-01,NOT PUBLISHED IN MISO GI QUEUE DATA,Under Study,,Hybrid - Wind/Battery
J2586,MISO,IN,Clark,SPEED 345,200.0,2025-04-01,NOT PUBLISHED IN MISO GI QUEUE DATA,Facilities Study,,Battery Storage
J3980,MISO,IN,Sullivan,Gibson Sta - Merom (HED) 345.0kV,200.0,2029-10-01,NOT PUBLISHED IN MISO GI QUEUE DATA,Under Study,,Hybrid - Solar/Battery
J4123,MISO,MI,Branch,WAGNER,200.0,2031-04-20,NOT PUBLISHED IN MISO GI QUEUE DATA,Active,,Battery Storage
C24-048,NYISO,NY,Tompkins,Milliken 115kV (aka Cayuga 115kV),200.0,2028-07-01,BPP NY Lansing BESS I LLC,Facilities Study,BPP NY Lansing BESS I,Energy Storage
2251,CAISO,CA,Fresno,MANNING 500 kV,200.0,2031-05-01,NOT PUBLISHED IN CAISO CLUSTER REQUEST LIST,Active,Solstice D,Photovoltaic/Solar + Storage/Solar
2343,CAISO,CA,Kern,DRY LAKE SW STA 500 kV,200.0,2029-07-31,NOT PUBLISHED IN CAISO CLUSTER REQUEST LIST,Active,Quaking Aspen,Photovoltaic/Solar + Storage/Battery
J3058,MISO,AR,Arkansas,TARLETON,200.0,2025-12-06,NOT PUBLISHED IN MISO GI QUEUE DATA,Under Study,,Hybrid - Solar/Battery
J2998,MISO,IL,St. Clair,Fayetteville Bee Hollow Road 138kV Substation,200.0,2025-09-15,NOT PUBLISHED IN MISO GI QUEUE DATA,Facilities Study,,Battery Storage
C24-205,NYISO,NY,Schoharie,Edic - Princetown Line #352,200.0,2030-12-01,"NEER Interconnection Holdings, LLC",Facilities Study,Wheelhouse Energy Storage,Energy Storage
C24-182,NYISO,NY,Tioga,Oakdale 130755 - Watercure 130757 345 kV line,200.0,2029-12-01,"Southern Tier Energy Center, LLC",Facilities Study,Southern Tier Energy Center,Energy Storage
J3080,MISO,IL,Pulaski,Ameren owned Kelso - Joppa (Massac) 345 kV Tie-Line,200.0,2025-08-29,NOT PUBLISHED IN MISO GI QUEUE DATA,Facilities Study,,Hybrid - Solar/Battery
J3120,MISO,AR,Jackson,Taping 'Newport AB / NEWPORTSOLAR (338177)' to 'Cash / 5CASH (338171)' 161kV Line.,200.0,2026-06-30,NOT PUBLISHED IN MISO GI QUEUE DATA,Under Study,,Hybrid - Solar/Battery
J1900,MISO,MI,Wayne,Brownstown 12  120kV,200.0,2024-09-30,NOT PUBLISHED IN MISO GI QUEUE DATA,Facilities Study,,Battery Storage
C26-0017,NYISO,NY,Jefferson,115 kV North Watertown Substation,200.0,2029-10-01,"ACE DevCo NC, LLC",Active,North Watertown BESS,Energy Storage
J3873,MISO,IN,Gibson,Owensville Primary,200.0,2029-06-01,NOT PUBLISHED IN MISO GI QUEUE DATA,Under Study,,Battery Storage
J3660,MISO,IL,Rock Island,Oak Grove 161 kV sub,200.0,2028-06-30,NOT PUBLISHED IN MISO GI QUEUE DATA,Active,,Battery Storage
J2532,MISO,IL,Sangamon,Latham,200.0,2026-11-01,NOT PUBLISHED IN MISO GI QUEUE DATA,Facilities Study,,Battery Storage
J2545,MISO,IA,Buchanan,Duane Arnold,200.0,2026-11-01,NOT PUBLISHED IN MISO GI QUEUE DATA,Under Study,,Battery Storage
J2379,MISO,IL,Clay,Xenia,200.0,2026-11-01,NOT PUBLISHED IN MISO GI QUEUE DATA,Facilities Study,,Battery Storage
P3001,AESO,AB,Medicine Hat,NOT PUBLISHED IN AESO CONNECTION PROJECT LIST,200.0,2029-10-18,NOT PUBLISHED IN AESO CONNECTION PROJECT LIST,Facilities Study,Midnight MPC Battery,Battery Storage
R5076,MISO,IN,Lake,SCHAHFER GEN STA - ST. JOHN 345.0kV,200.0,2024-06-01,NOT PUBLISHED IN MISO GI QUEUE DATA,Active,,Battery Storage
J3729,MISO,IL,Franklin,Benton Northwest,200.0,2028-02-01,NOT PUBLISHED IN MISO GI QUEUE DATA,Active,,Battery Storage
J3249,MISO,IN,Vanderburgh,Elliott - Francisco 138.0kV,200.0,2028-09-01,NOT PUBLISHED IN MISO GI QUEUE DATA,Active,,Battery Storage
J3550,MISO,IN,Dubois,Duff - Dubois 138.0 kV,200.0,2027-09-10,NOT PUBLISHED IN MISO GI QUEUE DATA,Active,,Battery Storage
J3298,MISO,IL,Tazewell,Towerline,200.0,2027-01-31,NOT PUBLISHED IN MISO GI QUEUE DATA,Active,,Battery Storage
J3402,MISO,WI,Juneau,New J1502 TO Switching Station (Emerson),200.0,2028-05-31,NOT PUBLISHED IN MISO GI QUEUE DATA,Active,,Battery Storage
J3551,MISO,IA,Mahaska,BEACON,200.0,2027-09-10,NOT PUBLISHED IN MISO GI QUEUE DATA,Active,,Battery Storage
J3691,MISO,IN,White,REYNOLDS,200.0,2028-05-31,NOT PUBLISHED IN MISO GI QUEUE DATA,Active,,Battery Storage
J3296,MISO,IL,Hamilton,Hamilton,200.0,2027-01-31,NOT PUBLISHED IN MISO GI QUEUE DATA,Active,,Battery Storage
J2472,MISO,IN,Sullivan,Gibson Sta - Merom (HED) 345.0kV,200.0,2027-05-07,NOT PUBLISHED IN MISO GI QUEUE DATA,Facilities Study,,Battery Storage
J3497,MISO,IL,Pulaski,Other_,200.0,2028-09-30,NOT PUBLISHED IN MISO GI QUEUE DATA,Active,,Battery Storage
S1140,MISO,MN,Clinton,Calamus East,200.0,2028-06-01,NOT PUBLISHED IN MISO GI QUEUE DATA,Active,,
S1155,MISO,MO,UNKNOWN,NOT PUBLISHED BY MISO (Transmission Owner: AMEREN MISSOURI),200.0,2028-05-31,NOT PUBLISHED IN MISO GI QUEUE DATA,Active,,
J4154,MISO,MS,Madison,Andes Substation,200.0,2028-08-01,NOT PUBLISHED IN MISO GI QUEUE DATA,Active,,Battery Storage
J3879,MISO,IN,Jackson,Cayuga  - Hillsdale North 230.0kV,200.0,2030-08-01,NOT PUBLISHED IN MISO GI QUEUE DATA,Under Study,,Hybrid - Solar/Battery
J3981,MISO,IN,Sullivan,Gibson Sta - Merom (HED) 345.0kV,200.0,2029-10-01,NOT PUBLISHED IN MISO GI QUEUE DATA,Under Study,,Hybrid - Solar/Battery
C24-060,NYISO,NY,Steuben,Stony Ridge 230kV,200.0,2027-12-01,TransGrid Energy LLC,Facilities Study,Gemma Energy Storage,Energy Storage
C24-062,NYISO,NY,Dutchess,Manchester 115 kV,200.0,2027-12-01,TransGrid Energy LLC,Facilities Study,Highbush Energy Storage,Energy Storage
J1898,MISO,MN,Olmsted,Byron 161 kV,200.0,2024-09-30,NOT PUBLISHED IN MISO GI QUEUE DATA,Facilities Study,,Battery Storage
J1891,MISO,MS,Attala,230 kV McAdams Substation,200.0,2024-10-31,NOT PUBLISHED IN MISO GI QUEUE DATA,IA in Progress,,Hybrid - Solar/Battery
J1894,MISO,MI,Kalamazoo,Jaguar 138 kV,200.0,2024-09-30,NOT PUBLISHED IN MISO GI QUEUE DATA,Facilities Study,,Battery Storage
J1779,MISO,WI,Dane,Rockdale,200.0,2024-10-31,NOT PUBLISHED IN MISO GI QUEUE DATA,IA in Progress,,Hybrid - Solar/Battery
J1895,MISO,WI,Kenosha,Balsam,200.0,2024-09-30,NOT PUBLISHED IN MISO GI QUEUE DATA,Facilities Study,,Battery Storage
J1902,MISO,MI,Wayne,IRONTON,200.0,2024-09-30,NOT PUBLISHED IN MISO GI QUEUE DATA,Facilities Study,,Battery Storage
S1113,MISO,IA,Franklin,Quinn,200.0,2026-08-30,NOT PUBLISHED IN MISO GI QUEUE DATA,Active,,Battery Storage
S1117,MISO,MO,New Madrid,Marston 161 kV,200.0,2028-06-01,NOT PUBLISHED IN MISO GI QUEUE DATA,Active,,Battery Storage
J3169,MISO,TX,Hardin,Cypress 138 kV Substation,200.0,2026-06-30,NOT PUBLISHED IN MISO GI QUEUE DATA,Under Study,,Battery Storage
S1100,MISO,AR,Mississippi,BLYTHEVILLE I-55 - AECC BLYTHEVILLE NORTH 161.0kV,200.0,2027-10-31,NOT PUBLISHED IN MISO GI QUEUE DATA,Active,,Battery Storage
J4137,MISO,IL,Pulaski,Other_,200.0,2030-08-30,NOT PUBLISHED IN MISO GI QUEUE DATA,Active,,Battery Storage
J4065,MISO,MN,Dakota,Nininger 115 kV,200.0,2030-06-28,NOT PUBLISHED IN MISO GI QUEUE DATA,Under Study,,Battery Storage
S1091,MISO,MO,Cape Girardeau,Adna 345 kV,200.0,2026-06-01,NOT PUBLISHED IN MISO GI QUEUE DATA,Active,,
J2607,MISO,IL,Montgomery,Redhawk 138 kV - MTEP Project (17976),200.0,2026-06-30,NOT PUBLISHED IN MISO GI QUEUE DATA,Facilities Study,,Battery Storage
S1074,MISO,AR,Phillips,Ritchie Plant 230 kV Substation,200.0,2027-09-30,NOT PUBLISHED IN MISO GI QUEUE DATA,Active,,
S1079,MISO,ND,Cass,BISON,200.0,2028-07-30,NOT PUBLISHED IN MISO GI QUEUE DATA,Active,,Battery Storage
S1085,MISO,MN,Nobles,NOBLES COUNTY,200.0,2028-07-01,NOT PUBLISHED IN MISO GI QUEUE DATA,Active,,Battery Storage
J2265,MISO,MO,Bollinger,St. Francois (Bus #345773) - Lutesville (Bus #344974) 345 kV Line,200.0,2024-02-15,NOT PUBLISHED IN MISO GI QUEUE DATA,Facilities Study,,Hybrid - Solar/Battery
J4019,MISO,MI,Calhoun,BATTLE CREEK - ONEIDA 345.0kV,200.0,2030-07-01,NOT PUBLISHED IN MISO GI QUEUE DATA,Active,,Battery Storage
J3947,MISO,IL,Shelby,7FARADAY - 7PANA 345.0kV,200.0,2030-09-30,NOT PUBLISHED IN MISO GI QUEUE DATA,Under Study,,Battery Storage
J2852,MISO,SD,Roberts,Browns Valley 230 kV Substation,200.0,2025-04-30,NOT PUBLISHED IN MISO GI QUEUE DATA,Under Study,,Battery Storage
J2601,MISO,MN,Wabasha,North Rochester - Briggs Road 345.0kV,200.0,2026-06-30,NOT PUBLISHED IN MISO GI QUEUE DATA,Under Study,,Battery Storage
C26-0025,NYISO,NY,Suffolk,POI is Edwards Avenue 138 kV Substation via existing position for Riverhead Solar Farm/Q535 Riverhead Solar 2 Projects,200.0,2029-12-01,"ACE DevCo NC, LLC",Active,Riptide Storage,Energy Storage
S1102,MISO,IN,Cass,Walton 230,200.0,2026-06-30,NOT PUBLISHED IN MISO GI QUEUE DATA,Active,,Battery Storage
2300,CAISO,CA,Kern,ARCO-MIDWAY,200.0,2031-12-31,NOT PUBLISHED IN CAISO CLUSTER REQUEST LIST,Active,GAMAY,Photovoltaic/Solar + Storage/Battery
J2587,MISO,IL,Edgar,Sugar Creek - Cayuga CT  345.0kV,200.0,2025-04-01,NOT PUBLISHED IN MISO GI QUEUE DATA,Facilities Study,,Battery Storage
J2844,MISO,KY,Henderson,AB Brown 345 - Reid EHV (BREC Terminal) 345.0kV,200.0,2025-10-01,NOT PUBLISHED IN MISO GI QUEUE DATA,Facilities Study,,Battery Storage
J2893,MISO,MS,Holmes,DURANT - BOWLING GREEN SS 115.0kV,200.0,2027-08-18,NOT PUBLISHED IN MISO GI QUEUE DATA,Under Study,,Hybrid - Solar/Battery
J2799,MISO,MI,Van Buren,ARGENTA - PALISADES 345.0kV,200.0,2025-09-01,NOT PUBLISHED IN MISO GI QUEUE DATA,Under Study,,Battery Storage
J2906,MISO,MI,Kalamazoo,Jaguar 138kV substation,200.0,2024-09-30,NOT PUBLISHED IN MISO GI QUEUE DATA,Under Study,,Battery Storage
J2889,MISO,MI,Allegan,Argenta 138kV,200.0,2025-08-01,NOT PUBLISHED IN MISO GI QUEUE DATA,Under Study,,Battery Storage
J2572,MISO,IN,Hamilton,Noblesville (Duke) - Hortonville (Duke) 345.0kV,200.0,2025-04-01,NOT PUBLISHED IN MISO GI QUEUE DATA,Facilities Study,,Battery Storage
J2991,MISO,MI,Wayne,Dayton 120kV Substation,200.0,2025-09-15,NOT PUBLISHED IN MISO GI QUEUE DATA,Under Study,,Battery Storage
J2822,MISO,MI,Van Buren,PALISADES - VERGENNES 345.0kV,200.0,2025-03-01,NOT PUBLISHED IN MISO GI QUEUE DATA,Under Study,,Battery Storage
J2153,MISO,AR,Ashley,Ashley Switchyard,200.0,2025-09-01,NOT PUBLISHED IN MISO GI QUEUE DATA,IA in Progress,,Hybrid - Solar/Battery
1751,NYISO,NY,St; Lawrence,NYPA - HW1 and HW2 (345kV) Lines - at Haverstock Substation,200.0,2027-03-01,North Country Data Center LLC,Under Study,Massena Development LLC Power Allocation,Load - Data Center
1717,NYISO,NY,Westchester,Buchanan 138kV Substation,200.0,2027-03-01,Holtec Decommissioning International (HDI),Under Study,"Proposed Datacenters at 450 Broadway, Buchanan, NY, 10511",Load - Data Center
1725,NYISO,NY,Yates,New York State Electric & Gas (NYSEG) - Greenidge 115 kV Substation,200.0,2028-05-01,"Greenidge Generation, LLC",Under Study,Greenidge 200 MW Data Center Project,Load - Data Center
1213,NYISO,NY,St. Lawrence,Dennison 115kV substation,200.0,2025-08-01,"ZeroC Data Centers, LLC",IA in Progress,St Lawrence Data and Agricultural Center,Load - Data Center (Cryptocurrency Mining)
J2840,MISO,MN,Olmsted,Byron 161 kV,200.0,2025-09-30,NOT PUBLISHED IN MISO GI QUEUE DATA,Under Study,,Battery Storage
J2238,MISO,MO,Maries,The Franks (Bus #300041) - Bland (Bus #344154) 345 kV Line,200.0,2024-02-15,NOT PUBLISHED IN MISO GI QUEUE DATA,Facilities Study,,Hybrid - Solar/Battery
J2213,MISO,IN,Marshall,HIPLE,200.0,2028-09-30,NOT PUBLISHED IN MISO GI QUEUE DATA,Facilities Study,,Battery Storage
1555,ISO-NE,MA,Essex,115KV Line Q-169 between Resco-Saugus Tap and Melrose #2 Tap. Approximately 2.4 miles from Melrose #2 Tap and approximately 2.35 miles from Resco-Saugus Tap,200.0,2028-01-01,NOT PUBLISHED IN ISO-NE IRTT PUBLIC QUEUE,Active,Battery Storage,Battery Storage
J3978,MISO,IN,Sullivan,Petersburg - Sullivan (AEP/PJM) 345.0kV,200.0,2029-10-01,NOT PUBLISHED IN MISO GI QUEUE DATA,Under Study,,Hybrid - Solar/Battery
J4053,MISO,MI,Grand Traverse,KEYSTONE - WEXFORD 138.0kV,200.0,2028-06-01,NOT PUBLISHED IN MISO GI QUEUE DATA,Active,,Battery Storage
J4002,MISO,IL,Edgar,7KANSAS   - 08SUGCRK 345.0kV,200.0,2030-09-30,NOT PUBLISHED IN MISO GI QUEUE DATA,Under Study,,Battery Storage
J3704,MISO,MN,Redwood,Cedar Mountain - Lyon County 345.0kV,200.0,2028-09-30,NOT PUBLISHED IN MISO GI QUEUE DATA,Active,,Battery Storage
J3703,MISO,MN,Itasca,Blackberry 230/115kV,200.0,2028-06-15,NOT PUBLISHED IN MISO GI QUEUE DATA,Active,,Battery Storage
S1123,MISO,LA,Beauregard,Cole - Penton Road 230.0kV,200.0,2027-03-29,NOT PUBLISHED IN MISO GI QUEUE DATA,Active,,Battery Storage
S1131,MISO,IL,Perry,7JORD - 7CMDR 345.0kV,200.0,2027-12-01,NOT PUBLISHED IN MISO GI QUEUE DATA,Active,,Battery Storage
J4204,MISO,IL,Marion,South Belleville,200.0,2031-06-01,NOT PUBLISHED IN MISO GI QUEUE DATA,Active,,Battery Storage
J4199,MISO,IL,Fulton,Canton South,200.0,2029-06-30,NOT PUBLISHED IN MISO GI QUEUE DATA,Active,,Battery Storage
J3291,MISO,IN,LaGrange,HIPLE,200.0,2028-09-15,NOT PUBLISHED IN MISO GI QUEUE DATA,Active,,Battery Storage
J2475,MISO,MI,Monroe,Toll Rd 120kV,200.0,2027-09-30,NOT PUBLISHED IN MISO GI QUEUE DATA,Under Study,,Battery Storage
S1164,MISO,AR,Mississippi,Dell - Manila 161 kV,200.0,2028-08-03,NOT PUBLISHED IN MISO GI QUEUE DATA,Active,,
J3251,MISO,MI,Genesee,THETFORD,200.0,2028-06-01,NOT PUBLISHED IN MISO GI QUEUE DATA,Active,,Battery Storage
R5093,MISO,LA,St. James,VACHERIE,200.0,2023-04-01,NOT PUBLISHED IN MISO GI QUEUE DATA,Active,,Battery Storage
J3979,MISO,IN,Sullivan,Petersburg - Sullivan (AEP/PJM) 345.0kV,200.0,2029-10-01,NOT PUBLISHED IN MISO GI QUEUE DATA,Under Study,,Hybrid - Solar/Battery
J1642,MISO,IN,Spencer,North East (Castle) - Culley 138kV,200.0,2023-10-15,NOT PUBLISHED IN MISO GI QUEUE DATA,IA in Progress,,Hybrid - Solar/Battery
J2402,MISO,IL,Johnson,7W_FRFT_E - 7SHAWNEE FP 345.0kV,200.0,2025-05-31,NOT PUBLISHED IN MISO GI QUEUE DATA,Facilities Study,,Battery Storage
J1525,MISO,MI,Huron,GRASSMERE,200.0,2023-10-01,NOT PUBLISHED IN MISO GI QUEUE DATA,IA in Progress,,Battery Storage
J2388,MISO,IL,Macon,Faraday,200.0,2028-09-30,NOT PUBLISHED IN MISO GI QUEUE DATA,Facilities Study,,Hybrid - Solar/Battery
J3440,MISO,MO,Daviess,Other_,200.0,2028-09-30,NOT PUBLISHED IN MISO GI QUEUE DATA,Active,,Battery Storage
J3785,MISO,MI,Kenosha,Pleasant Prairie,200.0,2028-06-30,NOT PUBLISHED IN MISO GI QUEUE DATA,Active,,Battery Storage
J3236,MISO,MN,Chisago,Chisago County 115kV Substation,200.0,2028-01-15,NOT PUBLISHED IN MISO GI QUEUE DATA,Active,,Battery Storage
S1107,MISO,IA,Clinton,Calamus East,200.0,2026-06-01,NOT PUBLISHED IN MISO GI QUEUE DATA,Active,,Battery Storage
S1095,MISO,IL,Perry,7ASTER - 7CMDR 345.0kV,200.0,2027-05-28,NOT PUBLISHED IN MISO GI QUEUE DATA,Active,,Battery Storage
J3357,MISO,IN,Kosciusko,LEESBURG,200.0,2028-12-31,NOT PUBLISHED IN MISO GI QUEUE DATA,Active,,Battery Storage
S1101,MISO,AR,St. Francis,BRINKLEY EAST - AECC AUBREY 230.0kV,200.0,2027-10-31,NOT PUBLISHED IN MISO GI QUEUE DATA,Active,,Battery Storage
J3784,MISO,WI,Ozaukee,Saukville (Cedarsauk),200.0,2028-06-30,NOT PUBLISHED IN MISO GI QUEUE DATA,Active,,Battery Storage
S1133,MISO,LA,Sangamon,343515 Chatham Main - 346555 North Aurburn (Ameren) 138.0kV,200.0,2029-01-09,NOT PUBLISHED IN MISO GI QUEUE DATA,Active,,
S1144,MISO,MI,UNKNOWN,NOT PUBLISHED BY MISO (Transmission Owner: METC),200.0,2028-03-31,NOT PUBLISHED IN MISO GI QUEUE DATA,Active,,
J3515,MISO,IL,Sangamon,343505 Interstate,199.9,2026-05-25,NOT PUBLISHED IN MISO GI QUEUE DATA,Active,,Battery Storage
2221,CAISO,CA,Alameda,TESLA 230 kV,199.9,2028-03-01,NOT PUBLISHED IN CAISO CLUSTER REQUEST LIST,Active,Emerita Energy Storage,Storage/Battery
J3480,MISO,MI,Allegan,SCOTT LAKE,199.9,2026-05-25,NOT PUBLISHED IN MISO GI QUEUE DATA,Active,,Battery Storage
J1336,MISO,IN,"Jasper, Starke",Schahfer - Burr Oak 345kV Line,199.5,2022-07-01,NOT PUBLISHED IN MISO GI QUEUE DATA,IA in Progress,,Hybrid - Solar/Battery
J1340,MISO,IN,"Jasper, Starke",Schahfer - Burr Oak 345kV Line,199.5,2022-07-01,NOT PUBLISHED IN MISO GI QUEUE DATA,IA in Progress,,Hybrid - Solar/Battery
J1339,MISO,IN,"Jasper, Starke",Schahfer - Burr Oak 345kV Line,199.5,2022-07-01,NOT PUBLISHED IN MISO GI QUEUE DATA,IA in Progress,,Hybrid - Solar/Battery
2227,CAISO,CA,San Bernardino,LUGO 500 kV,199.0,2031-02-26,NOT PUBLISHED IN CAISO CLUSTER REQUEST LIST,Active,Conduit Energy Storage 2,Storage/Battery
2339,CAISO,CA,San Bernardino,LUGO 500 kV,199.0,2028-08-01,NOT PUBLISHED IN CAISO CLUSTER REQUEST LIST,Active,Comstock,Storage/Battery + Combustion Turbine/Hydrogen
2262,CAISO,CA,Calaveras,LOCKEFORD 115 kV,199.0,2028-09-15,NOT PUBLISHED IN CAISO CLUSTER REQUEST LIST,Active,Helios Grid Reliability,Storage/Battery
J4173,MISO,IA,Wapello,Ottumwa Generating St. 161 kV,199.0,2028-08-31,NOT PUBLISHED IN MISO GI QUEUE DATA,Active,,Battery Storage
2204,CAISO,CA,Monterey,MOSS LANDING PP 115 kV,199.0,2031-12-01,NOT PUBLISHED IN CAISO CLUSTER REQUEST LIST,Active,Antlia,Storage/Battery
C24-324,NYISO,NY,Dutchess,Pleasant Valley - Todd Hill 115 kV,199.0,2028-12-01,Origis Development LLC,Facilities Study,Overlook Storage,Energy Storage
J2280,MISO,IN,UNKNOWN,GREENWOOD CLARK TOWNSHIP,198.0,2023-06-01,NOT PUBLISHED IN MISO GI QUEUE DATA,Facilities Study,,Battery Storage
J2575,MISO,IL,Tazewell,Cincinnati 138 kV Substation,198.0,2027-06-15,NOT PUBLISHED IN MISO GI QUEUE DATA,Facilities Study,,Battery Storage
2359,CAISO,CA,Los Angeles,ANTELOPE 230 kV,197.0,2029-06-01,NOT PUBLISHED IN CAISO CLUSTER REQUEST LIST,Active,Brundage Energy Storage,Storage/Battery
J4155,MISO,IA,Linn,Prairie Creek - Stony Point 115kV,195.0,2029-09-03,NOT PUBLISHED IN MISO GI QUEUE DATA,Active,,Battery Storage
1747,NYISO,NY,Niagara,Beck Packard 76 230kV,192.0,2028-10-01,GLOBE DH LLC,Under Study,Globe Digital Holdings - 1,Load - Data Center (AI)
1748,NYISO,NY,Niagara Falls,Beck Packard 76 230kV,192.0,2027-01-01,GLOBE DH LLC,Under Study,GLOBE DH 2,Load - Data Center (AI)
1749,NYISO,NY,Niagara Falls,Niagara Packard 77 230kV,192.0,2029-03-01,GLOBE DH LLC,Under Study,Globe DH 3,Load - Data Center (AI)
C24-013,NYISO,NY,Brooklyn,Greenwood 138KV,190.0,2028-08-01,Battery Park Storage LLC,Facilities Study,Battery Park Storage,Energy Storage
J3517,MISO,IL,Williamson,Ordill,190.0,2028-10-31,NOT PUBLISHED IN MISO GI QUEUE DATA,Under Study,,Battery Storage
R5087,MISO,IL,Washington,4JORD - 4ASHLEY 138.0kV,185.0,2027-06-01,NOT PUBLISHED IN MISO GI QUEUE DATA,Active,,Battery Storage
C24-131,NYISO,NY,Richmond,Fresh Kills 345 kV substation,180.0,2028-06-01,"Lighthouse Arthur Kill II, LLC",Facilities Study,Elevate Arthur Kill II,Energy Storage
J3782,MISO,MI,Saginaw,18MURPHY,180.0,2027-07-26,NOT PUBLISHED IN MISO GI QUEUE DATA,Active,,Battery Storage
J2656,MISO,IL,Macon,4LATHAM-4N DEC E 138 kV,180.0,2026-05-01,NOT PUBLISHED IN MISO GI QUEUE DATA,Active,,
S1094,MISO,AR,Crittenden,BOB WHITE,180.0,2026-10-31,NOT PUBLISHED IN MISO GI QUEUE DATA,Active,,Battery Storage
1754,NYISO,NY,Albany,Albany?Bethlehem 115 kV Line #18,180.0,2028-12-01,EKG Group LLC,Under Study,Kenwood Tech Center,Load - Data Center
1551,ISO-NE,MA,Worcester,"The Point of Interconnection will be located on the IC’s property (Lat, long: 42°21'44.53""N, 72° 2'22.57""W) by tapping the 115-kV Line A127-4 (Barre-Paxton) at approx. 6km from Barre Substation owned by MA_NGRID.",180.0,2028-04-27,NOT PUBLISHED IN ISO-NE IRTT PUBLIC QUEUE,Active,Battery Storage,Battery Storage
J2689,MISO,TX,Liberty,JACINTO 230kV,180.0,2026-05-26,NOT PUBLISHED IN MISO GI QUEUE DATA,Under Study,,Hybrid - Solar/Battery
C24-326,NYISO,NY,Niagara,Robinson Road 230 kV,180.0,2028-12-01,Origis Development LLC,Facilities Study,Lockport Storage,Energy Storage
1721,NYISO,NY,Suffolk,138-872 Holbrook to Sills Rd,176.6,2027-12-01,WF Industrial XII LLC,Facilities Study,Brookhaven Logistics Center,Load - Data Center
J2273,MISO,IL,Clinton,Tabor,175.0,2024-03-31,NOT PUBLISHED IN MISO GI QUEUE DATA,Facilities Study,,Hybrid - Solar/Battery
J2266,MISO,IL,Edgar,7KANSAS   - 08SUGCRK 345.0kV,175.0,2025-03-31,NOT PUBLISHED IN MISO GI QUEUE DATA,Facilities Study,,Hybrid - Solar/Battery
R5084,MISO,LA,Iberville,DONALDSONVILLE - EVERGREEN 230.0kV,175.0,2025-06-01,NOT PUBLISHED IN MISO GI QUEUE DATA,Active,,Battery Storage
J3254,MISO,IL,Pulaski,5CAPE GIR3 - 5JOPPA SR 161.0kV,175.0,2026-12-30,NOT PUBLISHED IN MISO GI QUEUE DATA,Active,,Hybrid - Solar/Battery
J3732,MISO,IL,Saline,Niles 138 kV (J1208/J1209) to be built near existing Harco Tap,175.0,2026-12-30,NOT PUBLISHED IN MISO GI QUEUE DATA,Active,,Hybrid - Solar/Battery
J3904,MISO,IL,Tazewell,Other_,175.0,2030-05-01,NOT PUBLISHED IN MISO GI QUEUE DATA,Under Study,,Battery Storage
J2127,MISO,MS,Jefferson Davis,Silver Creek 115kV,172.5,2024-04-15,NOT PUBLISHED IN MISO GI QUEUE DATA,IA in Progress,,Hybrid - Solar/Battery
J4170,MISO,ND,Richland,Hankinson - Wahpeton 230.0kV,172.0,2029-08-31,NOT PUBLISHED IN MISO GI QUEUE DATA,Active,,Hybrid - Solar/Battery
J3764,MISO,MS,Madison,Andes Substation 230 kV,170.0,2028-03-01,NOT PUBLISHED IN MISO GI QUEUE DATA,Active,,Hybrid - Solar/Battery
R5063,MISO,MI,Shiawassee,BELL ROAD - CORNELL 138.0kV,170.0,UNKNOWN,NOT PUBLISHED IN MISO GI QUEUE DATA,Active,,Hybrid - Solar/Battery
C24-097,NYISO,NY,Chautauqua,Laona Station 115kV,170.0,2029-02-01,"RWE Solar Development, LLC",Facilities Study,Basecamp BESS,Energy Storage
S1127,MISO,MS,Washington,GERALD ANDRUS SES SWYD - TINNIN ROAD 230.0kV,170.0,2027-06-01,NOT PUBLISHED IN MISO GI QUEUE DATA,Active,,Battery Storage
J2653,MISO,IA,Polk,Army Post 161kV Substation,170.0,2027-05-01,NOT PUBLISHED IN MISO GI QUEUE DATA,Under Study,,Battery Storage
J2655,MISO,IA,Polk,Army Post 161 kV Substation,170.0,2026-05-01,NOT PUBLISHED IN MISO GI QUEUE DATA,Under Study,,Battery Storage
877,ISO-NE,MA,Norfolk,National Grid's South Wrentham 115kV substation,170.0,2027-07-26,NOT PUBLISHED IN ISO-NE IRTT PUBLIC QUEUE,Active,Energy Storage,Battery Storage
J2786,MISO,MI,Allegan,ARGENTA - TALLMADGE 345.0kV,170.0,2024-07-01,NOT PUBLISHED IN MISO GI QUEUE DATA,Under Study,,Hybrid - Solar/Battery
P3065,AESO,AB,Valleyview,NOT PUBLISHED IN AESO CONNECTION PROJECT LIST,169.0,2028-07-01,NOT PUBLISHED IN AESO CONNECTION PROJECT LIST,Facilities Study,UK LS2 & LS6 Solar Battery,Solar + Storage
1412,ISO-NE,MA,Bristol,"Direct tap into the Pottersville Substation in Somerset, MA",168.0,2027-09-30,NOT PUBLISHED IN ISO-NE IRTT PUBLIC QUEUE,Active,Battery Storage,Battery Storage
J3962,MISO,MI,Bay,BAUER - HAMPTON 1 345.0kV,165.0,2030-05-01,NOT PUBLISHED IN MISO GI QUEUE DATA,Active,,Hybrid - Wind/Battery
P3152,AESO,AB,Wabamun,NOT PUBLISHED IN AESO CONNECTION PROJECT LIST,165.0,UNKNOWN,NOT PUBLISHED IN AESO CONNECTION PROJECT LIST,Active,Keephills Data Centre Phase 1.2,Data Load
1733,NYISO,NY,Tompkins,Milliken 115kV Substation,162.0,2027-12-01,"Cayuga Operating Company, LLC",Under Study,Cayuga Data,Load - Data Center (AI)
J1355,MISO,IN,LaPorte,Stillwell 138kV Subtation,160.0,2023-05-30,NOT PUBLISHED IN MISO GI QUEUE DATA,IA in Progress,,Battery Storage
J3742,MISO,MN,Otter Tail,Wahpeton - Fergus Falls 230.0kV,160.0,2028-12-15,NOT PUBLISHED IN MISO GI QUEUE DATA,Active,,Hybrid - Solar/Battery
J3118,MISO,LA,Morehouse,Taping the 'Galion / 3GALION (337444)' to 'Oak Grove / 3OAK_GROVE! (337445)' 115kV line,160.0,2026-06-30,NOT PUBLISHED IN MISO GI QUEUE DATA,Under Study,,Hybrid - Solar/Battery
J2397,MISO,AR,Calhoun,SHERIDAN EHV - EL DORADO EHV 500.0kV,160.0,2025-05-31,NOT PUBLISHED IN MISO GI QUEUE DATA,Under Study,,Hybrid - Solar/Battery
J2997,MISO,MI,Livingston,COLFAX - MADRID 120.0kV,160.0,2025-09-15,NOT PUBLISHED IN MISO GI QUEUE DATA,Under Study,,Battery Storage
J2378,MISO,MI,Macomb,LENOX - ST.CLAIR 120.0kV,152.0,2026-05-01,NOT PUBLISHED IN MISO GI QUEUE DATA,Under Study,,Battery Storage
J3776,MISO,MI,Midland,TittabawASSEe,150.0,2028-09-30,NOT PUBLISHED IN MISO GI QUEUE DATA,Active,,Battery Storage
J3733,MISO,IN,Gibson,Oakland City  - Old Ben Coal 138.0kV,150.0,2028-04-17,NOT PUBLISHED IN MISO GI QUEUE DATA,Active,,Hybrid - Solar/Battery
S1163,MISO,IN,Newton,MORRISON DITCH,150.0,2028-05-01,NOT PUBLISHED IN MISO GI QUEUE DATA,Active,,Battery Storage
S1141,MISO,MS,Hinds,TINNIN ROAD,150.0,2028-09-01,NOT PUBLISHED IN MISO GI QUEUE DATA,Active,,Battery Storage
J3636,MISO,MI,Tuscola,BAUER,150.0,2028-08-31,NOT PUBLISHED IN MISO GI QUEUE DATA,Active,,Battery Storage
J2151,MISO,IL,Saline,Muddy to West Frankfort 138 kV line,150.0,2025-08-01,NOT PUBLISHED IN MISO GI QUEUE DATA,Facilities Study,,Hybrid - Solar/Battery
1761,NYISO,NY,Horseheads,Broad Street 34.5 kV Line 93,150.0,2027-01-01,URI TALY,Active,NYISO Load Interconnection Process - Data Center Inquiry,Load - Data Center
J2203,MISO,IL,Adams,East Quincy,150.0,2024-09-30,NOT PUBLISHED IN MISO GI QUEUE DATA,Facilities Study,,Battery Storage
J2129,MISO,MI,Barry,Bradley 138 kV Substation,150.0,2024-04-15,NOT PUBLISHED IN MISO GI QUEUE DATA,Facilities Study,,Hybrid - Solar/Battery
J2627,MISO,IL,Adams,East Quincy,150.0,2025-09-30,NOT PUBLISHED IN MISO GI QUEUE DATA,Facilities Study,,Battery Storage
J4122,MISO,MI,Shiawassee,Goss,150.0,2031-04-20,NOT PUBLISHED IN MISO GI QUEUE DATA,Active,,Battery Storage
J2869,MISO,MS,Sunflower,GERALDANDRUS SES SWITCHYARD-INDIANOLA 230 KV,150.0,2027-06-01,NOT PUBLISHED IN MISO GI QUEUE DATA,Under Study,,Hybrid - Solar/Battery
S1160,MISO,SD,UNKNOWN,NOT PUBLISHED BY MISO (Transmission Owner: OTTER TAIL POWER COMPANY OTP),150.0,2028-09-30,NOT PUBLISHED IN MISO GI QUEUE DATA,Active,,
J3650,MISO,MI,Genesee,BEVERIDGE,150.0,2028-11-15,NOT PUBLISHED IN MISO GI QUEUE DATA,Active,,Battery Storage
J3009,MISO,MI,Washtenaw,VOYAGER,150.0,2025-05-15,NOT PUBLISHED IN MISO GI QUEUE DATA,Under Study,,Battery Storage
C24-167,NYISO,NY,Suffolk,Sills Rd - Brookhaven 138 kV line,150.0,2029-12-01,"KCE NY 37, LLC",Facilities Study,KCE NY 37,Energy Storage
C24-139,NYISO,NY,Clinton,Patnode 230 kV substation,150.0,2028-12-01,"Emeren US, LLC",Facilities Study,Valcour Storage,Energy Storage
S1137,MISO,LA,UNKNOWN,"NOT PUBLISHED BY MISO (Transmission Owner: ENTERGY LOUISIANA, LLC)",150.0,2028-06-01,NOT PUBLISHED IN MISO GI QUEUE DATA,Active,,
J3316,MISO,IL,Washington,Okawville 138 kV,150.0,2028-09-01,NOT PUBLISHED IN MISO GI QUEUE DATA,Active,,Battery Storage
C24-338,NYISO,NY,Dutchess,East Fishkill 345 kV,150.0,2028-12-01,"Terra-Gen Development Company, LLC",Facilities Study,Aria Storage 2,Energy Storage
C26-0006,NYISO,NY,Ulster,Hurley 345kV Substation,150.0,2028-12-01,"Terra-Gen Development Company, LLC",Active,Alcazar 2,Energy Storage
C24-178,NYISO,NY,Kings,Gowanus 138kV Substation,150.0,2028-06-01,"Astoria Generating Company, L.P.",Facilities Study,Gowanus Energy Storage,Energy Storage
C26-0015,NYISO,NY,Dutchess,East Fishkill 115 kV,150.0,2030-09-01,"Terra-Gen Development Company, LLC",Active,Aria Storage 3,Energy Storage
C24-304-004,NYISO,NY,Franklin,Willis 230kV substation,150.0,2028-04-01,"Chateauguay River, LLC",Facilities Study,NY Chateaugay 0 Willis Rd Storage,Energy Storage
J3651,MISO,MI,Lenawee,BEECHER - KNOWLES 138.0kV,150.0,2028-09-30,NOT PUBLISHED IN MISO GI QUEUE DATA,Active,,Battery Storage
S1084,MISO,IN,Greene,Worthington,150.0,2029-09-01,NOT PUBLISHED IN MISO GI QUEUE DATA,Active,,Battery Storage
J3695,MISO,IL,Clark,7CASEY - 7SNYDER  345.0kV,150.0,2028-09-30,NOT PUBLISHED IN MISO GI QUEUE DATA,Active,,Battery Storage
J2897,MISO,TX,San Jacinto,RIVTRIN - SHECO CALVIN 138.0kV,150.0,2025-04-30,NOT PUBLISHED IN MISO GI QUEUE DATA,Under Study,,Hybrid - Solar/Battery
J3387,MISO,IN,Henry,Connersville  - New Castle 138.0kV,150.0,2026-10-01,NOT PUBLISHED IN MISO GI QUEUE DATA,Active,,Battery Storage
J3654,MISO,MI,Washtenaw,"Line tap on Superior-Wayne 120kV line at 42.275480, -83.628250",150.0,2028-06-01,NOT PUBLISHED IN MISO GI QUEUE DATA,Active,,Battery Storage
J3505,MISO,MO,Bollinger,5HERITAGE - 5FREDTN  161.0kV,150.0,2028-09-30,NOT PUBLISHED IN MISO GI QUEUE DATA,Active,,Battery Storage
J2326,MISO,WI,Outagamie,Werner West,150.0,2025-10-28,NOT PUBLISHED IN MISO GI QUEUE DATA,Under Study,,Battery Storage
S1080,MISO,MN,Martin,Rutland,150.0,2028-07-30,NOT PUBLISHED IN MISO GI QUEUE DATA,Active,,Battery Storage
J1934,MISO,WI,Kenosha,Lakeview 138kV,150.0,2025-10-01,NOT PUBLISHED IN MISO GI QUEUE DATA,Facilities Study,,Battery Storage
C26-0023,NYISO,NY,Onondaga,CLAY 115kV Substation,150.0,2030-04-01,"Terra-Gen Development Company, LLC",Active,Clay Energy Storage 2,Energy Storage
J2170,MISO,IL,Clark,Snyder 345 kV (J1180/J1475 POI),150.0,2024-01-01,NOT PUBLISHED IN MISO GI QUEUE DATA,Facilities Study,,Battery Storage
J4079,MISO,LA,Calcasieu,NELSON 230 SWYD - PENTON ROAD (CLECO) 230.0kV,150.0,2030-06-30,NOT PUBLISHED IN MISO GI QUEUE DATA,Active,,Battery Storage
S1181,MISO,IA,Story,Story County,150.0,2028-06-01,NOT PUBLISHED IN MISO GI QUEUE DATA,Active,,Battery Storage
S1068,MISO,MI,Hillsdale,Cronk Road,150.0,2027-01-01,NOT PUBLISHED IN MISO GI QUEUE DATA,Active,,
C24-098,NYISO,NY,Orange,Roseton 345 kV Substation,150.0,2029-06-01,"RWE Solar Development, LLC",Facilities Study,Farmhouse BESS,Energy Storage
C24-094,NYISO,NY,Ulster,Hurley 345kV Substation,150.0,2028-12-01,"Terra-Gen Development Company, LLC",Facilities Study,Alcazar 2,Energy Storage
J1572,MISO,MN,Faribault,Huntley to Blue Earth 161kV,150.0,2023-10-15,NOT PUBLISHED IN MISO GI QUEUE DATA,IA in Progress,,Hybrid - Solar/Battery
J2728,MISO,MN,Freeborn,Glenworth,150.0,2025-07-24,NOT PUBLISHED IN MISO GI QUEUE DATA,Under Study,,Battery Storage
2344,CAISO,CA,Colusa,DELEVAN-CORTINA,150.0,2030-06-30,NOT PUBLISHED IN CAISO CLUSTER REQUEST LIST,Active,Cowboy,Photovoltaic/Solar + Storage/Battery
J2589,MISO,MI,Jackson,TOMPKINS - VROOMAN 138.0kV,150.0,2025-04-01,NOT PUBLISHED IN MISO GI QUEUE DATA,Under Study,,Battery Storage
J2838,MISO,LA,Richland,DUNN - OAK RIDGE (LA) 115.0kV,150.0,2025-03-01,NOT PUBLISHED IN MISO GI QUEUE DATA,Under Study,,Hybrid - Solar/Battery
J2764,MISO,AR,Craighead,JONESBORO (APL) - CASH 161.0kV,150.0,2025-12-06,NOT PUBLISHED IN MISO GI QUEUE DATA,Under Study,,Hybrid - Solar/Battery
J2880,MISO,AR,Jefferson,STUTTGART RICUSKEY - WOODWARD 230 SUB 230.0kV,150.0,2026-07-31,NOT PUBLISHED IN MISO GI QUEUE DATA,Under Study,,Hybrid - Solar/Battery
J2797,MISO,IL,White,Norris City North,150.0,2026-09-15,NOT PUBLISHED IN MISO GI QUEUE DATA,Facilities Study,,Hybrid - Solar/Battery
J2731,MISO,MN,Olmsted,Maple Leaf,150.0,2025-07-24,NOT PUBLISHED IN MISO GI QUEUE DATA,Under Study,,Battery Storage
2279,CAISO,AZ,Maricopa,HASSAYAMPA 500 kV,150.0,2028-04-30,NOT PUBLISHED IN CAISO CLUSTER REQUEST LIST,Active,Mesquite Solar 6,Storage/Battery + Photovoltaic/Solar
S1052,MISO,IL,Cumberland,Neoga South 138kV,150.0,2026-09-22,NOT PUBLISHED IN MISO GI QUEUE DATA,Active,,
C24-032,NYISO,NY,Broome,Oakdale 115 kV,150.0,2030-08-01,BayWa r.e Projects LLC.,Facilities Study,Oakdale Battery Storage LLC,Energy Storage
C24-085,NYISO,NY,Orange,Rock Tavern 345kV Substation,150.0,2028-12-01,"Terra-Gen Development Company, LLC",Facilities Study,Arch 4,Energy Storage
C24-047,NYISO,NY,Ulster,Lincoln Park - East Kingston 115 kV,150.0,2030-12-01,BayWa r.e Projects LLC.,Facilities Study,"Lincoln Park DG, LLC",Energy Storage
J2734,MISO,AR,Crittenden,GILMORE - WILSON 161.0kV,150.0,2025-12-06,NOT PUBLISHED IN MISO GI QUEUE DATA,Under Study,,Hybrid - Solar/Battery
J2730,MISO,MN,Jackson,Jackson North 161kV Substation,150.0,2025-07-24,NOT PUBLISHED IN MISO GI QUEUE DATA,Under Study,,Battery Storage
J3185,MISO,IL,Effingham,Effingham - Newton 138KV (4EFFINGHM 347025 -4NEWTON 347831),150.0,2027-02-01,NOT PUBLISHED IN MISO GI QUEUE DATA,Facilities Study,,Hybrid - Solar/Battery
J3224,MISO,IL,Marion,4KINMUNDY-4TANNER 138kv,150.0,2026-08-01,NOT PUBLISHED IN MISO GI QUEUE DATA,Facilities Study,,Hybrid - Solar/Battery
J1422,MISO,IL,Edwards,Albion - Olney 138 kV Line Tap,150.0,2021-10-20,NOT PUBLISHED IN MISO GI QUEUE DATA,IA in Progress,,Hybrid - Solar/Battery
J2142,MISO,MO,Adair,Maywood - Zachary 345 kV line,150.0,2024-08-01,NOT PUBLISHED IN MISO GI QUEUE DATA,Facilities Study,,Hybrid - Solar/Battery
J2454,MISO,MI,Montcalm,Eureka - Vestaburg 138kV,150.0,2025-11-12,NOT PUBLISHED IN MISO GI QUEUE DATA,Under Study,,Battery Storage
1760,NYISO,NY,Dutchess,New 115kV line from CHG&E East Fishkill Substation,150.0,2028-10-01,iPark East Fishkill LLC,Under Study,iPark 84 Data Center Interconnection,Load - Data Center
J2389,MISO,IL,Adams,Monument,150.0,2028-09-30,NOT PUBLISHED IN MISO GI QUEUE DATA,Facilities Study,,Hybrid - Solar/Battery
S1120,MISO,IN,Knox,Edwardsport  - Washington Mun,150.0,2027-07-15,NOT PUBLISHED IN MISO GI QUEUE DATA,Active,,Battery Storage - Solar/Battery
J1357,MISO,IN,Madison,Madison 138 KV SUBSTATION,150.0,2023-05-30,NOT PUBLISHED IN MISO GI QUEUE DATA,IA in Progress,,Battery Storage
J2473,MISO,IN,Marion,Hanna 138kV,150.0,2027-09-30,NOT PUBLISHED IN MISO GI QUEUE DATA,Facilities Study,,Battery Storage
S1179,MISO,WI,Portage,Plover,150.0,2028-09-30,NOT PUBLISHED IN MISO GI QUEUE DATA,Active,,Battery Storage
J4103,MISO,TX,Trinity,ONALASKA,150.0,2029-06-30,NOT PUBLISHED IN MISO GI QUEUE DATA,Under Study,,Battery Storage
S1077,MISO,IL,St. Clair,Fayetteville Bee Hollow Road,150.0,2029-09-01,NOT PUBLISHED IN MISO GI QUEUE DATA,Active,,Battery Storage
J4083,MISO,MS,Perry,Purvis Bulk 161 - Hintonville 161 161.0kV,150.0,2030-06-30,NOT PUBLISHED IN MISO GI QUEUE DATA,Active,,Battery Storage
S1154,MISO,MN,UNKNOWN,NOT PUBLISHED BY MISO (Transmission Owner: GREAT RIVER ENERGY),150.0,2029-12-01,NOT PUBLISHED IN MISO GI QUEUE DATA,Active,,
P3040,AESO,AB,Red Deer,NOT PUBLISHED IN AESO CONNECTION PROJECT LIST,150.0,UNKNOWN,NOT PUBLISHED IN AESO CONNECTION PROJECT LIST,Facilities Study,AHI Prairie Eagle Cogen,Cogen + Solar + Storage
J1354,MISO,IN,Decatur,Decatur  County 138kV Switching Station,146.0,2023-05-30,NOT PUBLISHED IN MISO GI QUEUE DATA,IA in Progress,,Battery Storage
J3184,MISO,IL,St. Clair,Turkey Hill 138 kV,145.0,2027-06-01,NOT PUBLISHED IN MISO GI QUEUE DATA,Facilities Study,,Hybrid - Solar/Battery
J3063,MISO,IL,Perry,7JORD - 7CMDR 345.0kV,143.0,2026-10-20,NOT PUBLISHED IN MISO GI QUEUE DATA,Facilities Study,,Battery Storage
1319,ISO-NE,CT,Litchfield,115 kV line between Rocky River and Bulls Bridge substations,141.6,2029-06-01,NOT PUBLISHED IN ISO-NE IRTT PUBLIC QUEUE,Active,Battery Storage,Battery Storage
J2619,MISO,MI,Montcalm,Kenowa to Nelson Rd. 345kV,140.0,2028-09-30,NOT PUBLISHED IN MISO GI QUEUE DATA,Under Study,,Hybrid - Solar/Battery
J2684,MISO,MI,St. Clair,BUNCE,140.0,2025-01-01,NOT PUBLISHED IN MISO GI QUEUE DATA,Under Study,,Battery Storage
C24-004,NYISO,NY,Bronx,Hell Gate Annex 138KV Substation,140.0,2028-08-01,Palladium Storage LLC,Facilities Study,Palladium Storage,Energy Storage
J2593,MISO,MO,Gasconade,Bland 138 kV Substation,140.0,2026-04-24,NOT PUBLISHED IN MISO GI QUEUE DATA,Facilities Study,,Hybrid - Solar/Battery
J3229,MISO,MO,Maries,4DILLON - 4LKSIDE TP2 138.0kV,140.0,2026-04-24,NOT PUBLISHED IN MISO GI QUEUE DATA,Facilities Study,,Hybrid - Solar/Battery
J4174,MISO,AR,Poinsett,MARKED TREE,140.0,2030-06-30,NOT PUBLISHED IN MISO GI QUEUE DATA,Active,,Battery Storage
1681,NYISO,NY,Niagara,Adams to Packard 115kV lines 187 and 188,140.0,2027-01-01,Niagara Falls Redevelopment LLC,Facilities Study,Niagara Digital Campus,Load - Data Center
C24-162,NYISO,NY,Suffolk,William Floyd to West Yaphank 69kV,140.0,2028-04-01,"Calpine Mid-Atlantic Development, LLC",Facilities Study,Ramadi Utility Storage,Energy Storage
S1152,MISO,MO,UNKNOWN,NOT PUBLISHED BY MISO (Transmission Owner: AMEREN MISSOURI),139.0,2028-07-03,NOT PUBLISHED IN MISO GI QUEUE DATA,Active,,
J2657,MISO,IN,White,REYNOLDS - BURR OAK 345.0kV,138.0,2027-05-01,NOT PUBLISHED IN MISO GI QUEUE DATA,Facilities Study,,Battery Storage
1518,ISO-NE,MA,Berkshire,"Eversource, New Substation to be built at 42.488290, -73.219503",136.0,2028-08-30,NOT PUBLISHED IN ISO-NE IRTT PUBLIC QUEUE,Active,Battery Storage,Battery Storage
C24-138,NYISO,NY,Suffolk,Greenlawn 138kV,135.0,2028-02-01,Marathon Power,Facilities Study,Marathon BESS,Energy Storage
J2648,MISO,IL,Champaign,Sidney 138 kV,135.0,2027-09-02,NOT PUBLISHED IN MISO GI QUEUE DATA,Facilities Study,,Hybrid - Solar/Battery
C24-064,NYISO,NY,Delaware,Fraser substation 115 kV,135.0,2029-11-01,"EDF Renewables Development, Inc.",Facilities Study,Fraser Energy Storage,Energy Storage
R5083,MISO,LA,St. James,CHACKBAY - VACHERIE 230.0kV,135.0,2026-06-01,NOT PUBLISHED IN MISO GI QUEUE DATA,Active,,Battery Storage
P3014,AESO,AB,Edmonton,NOT PUBLISHED IN AESO CONNECTION PROJECT LIST,135.0,2029-10-01,NOT PUBLISHED IN AESO CONNECTION PROJECT LIST,Facilities Study,Meadowview Solar Battery,Solar + Storage
S1143,MISO,IL,UNKNOWN,NOT PUBLISHED BY MISO (Transmission Owner: AMEREN ILLINOIS),135.0,2027-12-31,NOT PUBLISHED IN MISO GI QUEUE DATA,Active,,
J3543,MISO,MN,Dakota,Chub Lake 115 kV,135.0,2028-06-30,NOT PUBLISHED IN MISO GI QUEUE DATA,Active,,Battery Storage
J3082,MISO,LA,Franklin,Taping the 'Gilbert / 3GILBERT_LA (303322)' to 'Winnsboro / 3WINNSBORO! (337330)' 115kV line.,135.0,2026-06-30,NOT PUBLISHED IN MISO GI QUEUE DATA,Under Study,,Hybrid - Solar/Battery
S1147,MISO,MI,UNKNOWN,NOT PUBLISHED BY MISO (Transmission Owner: METC),132.0,2027-01-07,NOT PUBLISHED IN MISO GI QUEUE DATA,Active,,
2249,CAISO,CA,Fresno,MANNING 500 kV,131.0,2031-05-01,NOT PUBLISHED IN CAISO CLUSTER REQUEST LIST,Active,Shoestring,Photovoltaic/Solar + Storage/Battery
S1112,MISO,IN,Pike,Cato 138/69kV (facilities above 100kV),130.0,2027-09-30,NOT PUBLISHED IN MISO GI QUEUE DATA,Active,,Battery Storage
C24-081,NYISO,NY,Bronx,Hell Gate Annex 138kV,130.0,2028-12-01,The New York Power Authority,Facilities Study,Port Morris Energy Storage,Energy Storage
J2818,MISO,AR,Ouachita,AECC CAMDEN SOUTH - STEPHENS 115.0kV,130.0,2025-03-01,NOT PUBLISHED IN MISO GI QUEUE DATA,Under Study,,Hybrid - Solar/Battery
J2343,MISO,IN,Marion,Georgetown  - North 138.0kV,130.0,2026-05-01,NOT PUBLISHED IN MISO GI QUEUE DATA,Facilities Study,,Battery Storage
J2738,MISO,IL,Rock Island,SUB 17,128.0,2025-02-01,NOT PUBLISHED IN MISO GI QUEUE DATA,Under Study,,Hybrid - Solar/Battery
J1358,MISO,IN,LaPorte,Luchtman - Michigan City138kV Line,125.0,2023-05-30,NOT PUBLISHED IN MISO GI QUEUE DATA,IA in Progress,,Battery Storage
0971,NYISO,NY,Suffolk,Holbrook - Miller Place 138kV,125.0,2027-04-01,"East Setauket Energy Storage, LLC",IA in Progress,East Setauket Energy Storage,Energy Storage
2282,CAISO,CA,Calaveras,VALLEY SPRINGS 230 kV,125.0,2028-03-01,NOT PUBLISHED IN CAISO CLUSTER REQUEST LIST,Active,Holly Oaks,Storage/Battery
J2826,MISO,IN,Greene,Sandborn Primary - Worthington Primary 161.0kV,125.0,2027-06-01,NOT PUBLISHED IN MISO GI QUEUE DATA,Facilities Study,,Hybrid - Solar/Battery
S1146,MISO,MI,Muskegon,DU PONT - WHITE LAKE 138.0kV,125.0,2029-06-01,NOT PUBLISHED IN MISO GI QUEUE DATA,Active,,
1315,NYISO,NY,St. Lawrence,Moses-Reynolds MRG-1 and Moses-Reynolds MRG-2 at 115kV,120.0,2026-11-01,"Sabey Data Center Properties, LLC",Facilities Study,SDC St. Lawrence,Load - Data Center
J3133,MISO,MI,Saginaw,Murphy to Nelson Road 345 kV,120.0,2026-08-31,NOT PUBLISHED IN MISO GI QUEUE DATA,Under Study,,Battery Storage
C24-207,NYISO,NY,"Seneca, Ontario",Border City to Station 168 115 kV,120.0,2030-12-01,"NextEra Energy Resources Interconnection Holdings, LLC",Facilities Study,Trelina Energy Storage,Energy Storage
2208,CAISO,CA,Orange,MARGARITA 138 kV,120.0,2029-05-31,NOT PUBLISHED IN CAISO CLUSTER REQUEST LIST,Active,Bonita Bateria 2,Storage/Battery
S1047,MISO,SD,Codington,Big Stone South 230kV,120.0,2026-11-01,NOT PUBLISHED IN MISO GI QUEUE DATA,Active,,
J3109,MISO,AR,Lonoke,Taping the 'Carlisle / 3CARISLE! (338003)' to 'Screeton / 3SCREETON (338005)' 115kV line,120.0,2026-06-30,NOT PUBLISHED IN MISO GI QUEUE DATA,Under Study,,Hybrid - Solar/Battery
C24-130,NYISO,NY,Albany,Albany Steam 115 kV Substation,120.0,2028-06-01,"Lighthouse Bethlehem, LLC",Facilities Study,Elevate Bethlehem,Energy Storage
J2152,MISO,LA,Tangipahoa,INDEPENDENCE [LA] - HAMMOND 230.0kV,120.0,2025-09-01,NOT PUBLISHED IN MISO GI QUEUE DATA,IA in Progress,,Hybrid - Solar/Battery
J2588,MISO,MI,Jackson,TOMPKINS - VROOMAN 138.0kV,120.0,2025-04-01,NOT PUBLISHED IN MISO GI QUEUE DATA,Under Study,,Battery Storage
J2382,MISO,MO,Randolph,5ADAIR    - 5THMHIL (AECI)  161.0kV,115.0,2026-04-24,NOT PUBLISHED IN MISO GI QUEUE DATA,Facilities Study,,Hybrid - Solar/Battery
J3523,MISO,WI,Barron,BARRON  - WASHCO  161.0kV,115.0,2028-09-30,NOT PUBLISHED IN MISO GI QUEUE DATA,Active,,Battery Storage
J2886,MISO,IL,Sangamon,4Auburn N-4Jacksnvl 138kV,115.0,2029-09-17,NOT PUBLISHED IN MISO GI QUEUE DATA,Facilities Study,,Hybrid - Solar/Battery
J2551,MISO,IL,Putnam,Putnam,110.0,2026-06-18,NOT PUBLISHED IN MISO GI QUEUE DATA,Facilities Study,,Battery Storage
0956,NYISO,NY,Suffolk,West Bus 138 kV,110.0,2028-05-01,"Holtsville Energy Storage, LLC",IA in Progress,Holtsville 138kV Energy Storage,Energy Storage
S1166,MISO,MN,UNKNOWN,NOT PUBLISHED BY MISO (Transmission Owner: NORTHERN STATES POWER COMPANY),108.93,2029-05-01,NOT PUBLISHED IN MISO GI QUEUE DATA,Active,,
2321,CAISO,CA,Kern,WHIRLWIND 230 kV,101.0,2027-06-01,NOT PUBLISHED IN CAISO CLUSTER REQUEST LIST,Active,Voyager Energy Storage,Storage/Battery
S1059,MISO,MI,Tuscola,Dixon 120kV - Bus # 265182,100.3,2027-01-30,NOT PUBLISHED IN MISO GI QUEUE DATA,Active,,
J2383,MISO,IL,Macon,Faraday,100.0,2027-05-07,NOT PUBLISHED IN MISO GI QUEUE DATA,Facilities Study,,Battery Storage
S1138,MISO,MI,UNKNOWN,NOT PUBLISHED BY MISO (Transmission Owner: METC),100.0,2027-03-27,NOT PUBLISHED IN MISO GI QUEUE DATA,Active,,
J2555,MISO,MI,Ingham,DELHI to TOMPKINS 138kV,100.0,2026-09-01,NOT PUBLISHED IN MISO GI QUEUE DATA,Under Study,,Battery Storage
J2392,MISO,MI,Mason,PERE MARQUETTE 138 KV,100.0,2026-10-31,NOT PUBLISHED IN MISO GI QUEUE DATA,Under Study,,Battery Storage
S1136,MISO,MI,UNKNOWN,NOT PUBLISHED BY MISO (Transmission Owner: METC),100.0,2026-12-04,NOT PUBLISHED IN MISO GI QUEUE DATA,Active,,
J3565,MISO,IL,Champaign,Rising,100.0,2028-08-01,NOT PUBLISHED IN MISO GI QUEUE DATA,Active,,Battery Storage
J2474,MISO,IL,Sangamon,4AUSTIN - 4VIRDEN   138.0kV,100.0,2028-09-30,NOT PUBLISHED IN MISO GI QUEUE DATA,Facilities Study,,Hybrid - Solar/Battery
J2375,MISO,IL,Macon,Faraday,100.0,2027-05-07,NOT PUBLISHED IN MISO GI QUEUE DATA,Facilities Study,,Battery Storage
S1116,MISO,MS,Tallahatchie,WEBB,100.0,2027-06-01,NOT PUBLISHED IN MISO GI QUEUE DATA,Active,,Battery Storage
J1844,MISO,MI,Washtenaw,19CVTRY,100.0,2024-10-07,NOT PUBLISHED IN MISO GI QUEUE DATA,Facilities Study,,Battery Storage
J1686,MISO,LA,Evangeline,Coughlin - Plaisance 138 kV,100.0,2023-09-04,NOT PUBLISHED IN MISO GI QUEUE DATA,IA in Progress,,Hybrid - Solar/Battery
J1659,MISO,MI,Washtenaw,DORSET,100.0,2022-02-01,NOT PUBLISHED IN MISO GI QUEUE DATA,IA in Progress,,Battery Storage
J1635,MISO,MI,Branch,BUTTERS - NEWTON (MI AVE) 138.0kV,100.0,2022-02-01,NOT PUBLISHED IN MISO GI QUEUE DATA,IA in Progress,,Battery Storage
J1269,MISO,IN,Warrick,Elliott 69kV Substation,100.0,2022-07-01,NOT PUBLISHED IN MISO GI QUEUE DATA,IA in Progress,,Hybrid - Solar/Battery
S1153,MISO,WI,Waushara,Sand Lake 138kV,100.0,2026-06-01,NOT PUBLISHED IN MISO GI QUEUE DATA,Active,,Battery Storage
S1135,MISO,MN,Mower,Adams,100.0,2028-04-30,NOT PUBLISHED IN MISO GI QUEUE DATA,Active,,Battery Storage
J4128,MISO,MI,Eaton,Clinton Interconnection,100.0,2030-02-28,NOT PUBLISHED IN MISO GI QUEUE DATA,Active,,Battery Storage
J4131,MISO,MS,Scott,J1347 TO Switchyard (115kV Entergy MS Switchyard),100.0,2030-06-01,NOT PUBLISHED IN MISO GI QUEUE DATA,Under Study,,Battery Storage
R5067,MISO,IN,Lake,NIPSCO Green Acres 138kV Sub,100.0,2028-05-31,NOT PUBLISHED IN MISO GI QUEUE DATA,Active,,Battery Storage
P3015,AESO,AB,Edmonton,NOT PUBLISHED IN AESO CONNECTION PROJECT LIST,100.0,2029-10-01,NOT PUBLISHED IN AESO CONNECTION PROJECT LIST,Facilities Study,Spruce Grove North Solar Battery,Solar + Storage
2214,CAISO,CA,Fresno,ORO LOMA 70 kV,100.0,2031-12-01,NOT PUBLISHED IN CAISO CLUSTER REQUEST LIST,Active,Octans,Storage/Battery + Photovoltaic/Solar
2258,CAISO,CA,Fresno,ORO LOMA 115 kV,100.0,2030-10-30,NOT PUBLISHED IN CAISO CLUSTER REQUEST LIST,Active,Telluride,Photovoltaic/Solar + Storage/Battery
J3111,MISO,AR,Craighead,AECC TRUMANN WEST - POWERLINE ROAD 161kv,100.0,2026-06-30,NOT PUBLISHED IN MISO GI QUEUE DATA,Under Study,,Hybrid - Solar/Battery
J3112,MISO,AR,Phillips,Barton - West Helena 115kV,100.0,2026-06-30,NOT PUBLISHED IN MISO GI QUEUE DATA,Under Study,,Hybrid - Solar/Battery
J3166,MISO,IN,Knox,Edwardsport Station IGCC,100.0,2026-06-30,NOT PUBLISHED IN MISO GI QUEUE DATA,Facilities Study,,Battery Storage
J2618,MISO,MI,Macomb,Lenox 120kV,100.0,2027-09-30,NOT PUBLISHED IN MISO GI QUEUE DATA,Under Study,,Battery Storage
0931,NYISO,NY,Queens,Astoria West 138kV,100.0,2026-10-01,"East River ESS, LLC",IA in Progress,Astoria Energy Storage,Energy Storage
J3159,MISO,IA,Dubuque,Gardner 69 kV substation,100.0,2027-06-30,NOT PUBLISHED IN MISO GI QUEUE DATA,Under Study,,Battery Storage
J3093,MISO,MS,Madison,LAKEOVER EHV - MCADAMS EHV 500.0kV,100.0,2024-12-01,NOT PUBLISHED IN MISO GI QUEUE DATA,Under Study,,Battery Storage
J3158,MISO,IA,Cerro Gordo,Colby 345 kV Substation,100.0,2027-06-30,NOT PUBLISHED IN MISO GI QUEUE DATA,Under Study,,Battery Storage
2301,CAISO,CA,Kern,ARCO-MIDWAY,100.0,2031-12-31,NOT PUBLISHED IN CAISO CLUSTER REQUEST LIST,Active,TENDRIL,Photovoltaic/Solar + Storage/Battery
J2949,MISO,IA,Marshall,Marshalltown 161 kV Substation,100.0,2027-06-30,NOT PUBLISHED IN MISO GI QUEUE DATA,Under Study,,Battery Storage
J3028,MISO,MS,Perry,Waynesboro 161 - Hintonville 161 161.0kV,100.0,2027-06-01,NOT PUBLISHED IN MISO GI QUEUE DATA,Under Study,,Hybrid - Solar/Battery
J3231,MISO,MS,Amite,GLOSTER - LIBERTY 115.0kV,100.0,2024-11-29,NOT PUBLISHED IN MISO GI QUEUE DATA,Under Study,,Hybrid - Solar/Battery
J2956,MISO,LA,Morehouse,Galion 115 kV Substation,100.0,2027-03-01,NOT PUBLISHED IN MISO GI QUEUE DATA,Under Study,,Hybrid - Solar/Battery
J2957,MISO,MS,Panola,Como - Crenshaw 115 kV Line,100.0,2027-01-01,NOT PUBLISHED IN MISO GI QUEUE DATA,Under Study,,Hybrid - Solar/Battery
2209,CAISO,CA,Fresno,TRANQUILLITY SW STA 230 kV,100.0,2031-12-01,NOT PUBLISHED IN CAISO CLUSTER REQUEST LIST,Active,Fornax,Storage/Battery + Photovoltaic/Solar
J2133,MISO,AR,White,Garner 115 kV Substation,100.0,2024-04-15,NOT PUBLISHED IN MISO GI QUEUE DATA,IA in Progress,,Hybrid - Solar/Battery
2206,CAISO,CA,Orange,TALEGA 138 kV,100.0,2029-05-31,NOT PUBLISHED IN CAISO CLUSTER REQUEST LIST,Active,Bonita Bateria,Storage/Battery
J2773,MISO,AR,Poinsett,Newport - Fisher 161 kV Line,100.0,2027-06-01,NOT PUBLISHED IN MISO GI QUEUE DATA,Under Study,,Hybrid - Solar/Battery
J3162,MISO,WI,Rock,Beloit Gateway,100.0,2027-06-30,NOT PUBLISHED IN MISO GI QUEUE DATA,Under Study,,Battery Storage
J3160,MISO,WI,Fond Du Lac,South Fond du Lac 345 kV,100.0,2027-06-30,NOT PUBLISHED IN MISO GI QUEUE DATA,Under Study,,Battery Storage
J3181,MISO,IL,Logan,4FOGARTY - 4LIMIT 138.0kV,100.0,2027-01-01,NOT PUBLISHED IN MISO GI QUEUE DATA,Facilities Study,,Hybrid - Solar/Battery
J3186,MISO,MS,Bolivar,Rosedale - Delta 115 kV,100.0,2027-01-01,NOT PUBLISHED IN MISO GI QUEUE DATA,Under Study,,Hybrid - Solar/Battery
J3007,MISO,MI,Mason,PERE MARQUETTE - LINDEMAN 138.0kV,100.0,2025-05-15,NOT PUBLISHED IN MISO GI QUEUE DATA,Under Study,,Battery Storage
J3172,MISO,MN,Dakota,GRE-NININGR7 115 kV,100.0,2026-06-30,NOT PUBLISHED IN MISO GI QUEUE DATA,Under Study,,Battery Storage
C24-093,NYISO,NY,Ulster,Hurley 345kV Substation,100.0,2028-12-01,"Terra-Gen Development Company, LLC",Facilities Study,Alcazar 1,Energy Storage
C24-088,NYISO,NY,Orange,Rock Tavern 345kV Substation,100.0,2028-12-01,"Terra-Gen Development Company, LLC",Facilities Study,Arch 3,Energy Storage
C24-072,NYISO,NY,Monroe,Station 82 - Station 121 Line 23 115kV,100.0,2027-06-01,"GCI Eastwater, LLC",Facilities Study,Eastwater Energy Storage,Energy Storage
C24-066,NYISO,NY,Chemung,Yawger 115kV Substation,100.0,2027-12-01,TransGrid Energy LLC,Facilities Study,Coral Energy Storage,Energy Storage
C24-104,NYISO,NY,Suffolk,West Yaphank 69kV Substation,100.0,2028-06-01,"ACE DevCo NC, LLC",Facilities Study,Horseblock Energy Storage,Energy Storage
C24-129,NYISO,NY,Niagara,Dupont to Packard 115 kV Line #184,100.0,2028-12-01,MN8 Energy Development Company LLC,Facilities Study,Buffalo Road Energy Storage,Energy Storage
J2450,MISO,IN,Tippecanoe,WESTWOOD 345 KV,100.0,2026-10-31,NOT PUBLISHED IN MISO GI QUEUE DATA,Facilities Study,,Battery Storage
J2120,MISO,IA,Linn,Fairfax,100.0,2025-06-30,NOT PUBLISHED IN MISO GI QUEUE DATA,Facilities Study,,Battery Storage
S1170,MISO,AR,Union,HUTTIG SS - STRONG SS 115.0kV,100.0,2028-03-01,NOT PUBLISHED IN MISO GI QUEUE DATA,Active,,Battery Storage
C26-0021,NYISO,NY,Ulster,Saugerties - Hurley 69 kV,100.0,2029-12-01,"ACE DevCo NC, LLC",Active,Blue Mountain BESS,Energy Storage
S1108,MISO,IN,LaGrange,LAGRANGE,100.0,2027-06-30,NOT PUBLISHED IN MISO GI QUEUE DATA,Active,,Battery Storage
S1128,MISO,IL,Sangamon,343515 Chatham Main - 346555 North Aurburn (Ameren) 138.0kV,100.0,2030-05-10,NOT PUBLISHED IN MISO GI QUEUE DATA,Active,,Battery Storage
S1088,MISO,MN,Benton,GRE-BENTON 7 115kV,100.0,2027-06-30,NOT PUBLISHED IN MISO GI QUEUE DATA,Active,,Battery Storage
S1110,MISO,MN,Chisago,CHISAGO COUNTY,100.0,2027-02-01,NOT PUBLISHED IN MISO GI QUEUE DATA,Active,,Battery Storage
S1134,MISO,MS,DeSoto,TWINKLETOWN,100.0,2028-01-03,NOT PUBLISHED IN MISO GI QUEUE DATA,Active,,Battery Storage
R5081,MISO,MN,Mower,Adams,100.0,2025-08-01,NOT PUBLISHED IN MISO GI QUEUE DATA,Active,,Battery Storage
C24-238,NYISO,NY,Allegany,Moraine Rd 115kV Substation,100.0,2028-07-01,Zenobe Americas Inc.,Facilities Study,Zenobe Burns LLC,Energy Storage
C24-284,NYISO,NY,Bronx,Hell Gate 138 kV Substation,100.0,2030-12-01,Prologis Energy LLC,Facilities Study,South Bronx Energy Storage,Energy Storage
C24-341,NYISO,NY,Ulster,Marlboro 115kV Substation,100.0,2028-12-01,Origis Development LLC,Facilities Study,Marlboro Storage,Energy Storage
C24-337,NYISO,NY,Dutchess,East Fishkill 345 kV substation,100.0,2028-12-01,"Terra-Gen Development Company, LLC",Facilities Study,Aria Storage 1,Energy Storage
C26-0003,NYISO,NY,Ulster,Hurley 345kV Substation,100.0,2028-12-01,"Terra-Gen Development Company, LLC",Active,Alcazar 1,Energy Storage
C26-0008,NYISO,NY,Ulster,Saugerties 69 kV,100.0,2029-12-01,"KCE NY 34, LLC",Active,KCE NY 34,Energy Storage
C24-173,NYISO,NY,Ulster,Saugerties 69 kV,100.0,2029-12-01,"KCE NY 34, LLC",Facilities Study,KCE NY 34,Energy Storage
S1169,MISO,LA,Washington,BOGALUSA - TALISHEEK (LAGEN) 230.0kV,100.0,2027-09-15,NOT PUBLISHED IN MISO GI QUEUE DATA,Active,,Battery Storage - Solar/Battery
J1845,MISO,MI,Calhoun,18BATTLC,100.0,2025-10-06,NOT PUBLISHED IN MISO GI QUEUE DATA,Facilities Study,,Battery Storage
S1053,MISO,MN,Chisago,Chisago County Substation,100.0,2026-10-01,NOT PUBLISHED IN MISO GI QUEUE DATA,Active,,
S1075,MISO,IN,Jasper and Starke,Hinshaw 345 kV,100.0,2027-12-27,NOT PUBLISHED IN MISO GI QUEUE DATA,Active,,
S1103,MISO,IL,Perry,Aster 138kV Station,100.0,2026-06-01,NOT PUBLISHED IN MISO GI QUEUE DATA,Active,,Battery Storage
S1145,MISO,MI,Huron,Harvest Wind Point Tap 120 kV,100.0,2029-07-31,NOT PUBLISHED IN MISO GI QUEUE DATA,Active,,Battery Storage - Solar/Battery
J3968,MISO,IL,Coles,Mattoon West,100.0,2028-09-15,NOT PUBLISHED IN MISO GI QUEUE DATA,Under Study,,Battery Storage
S1159,MISO,WI,UNKNOWN,NOT PUBLISHED BY MISO (Transmission Owner: AMERICAN TRANSMISSION COMPANY),100.0,2028-08-01,NOT PUBLISHED IN MISO GI QUEUE DATA,Active,,
J3688,MISO,IN,White,Luse Road Substation,100.0,2028-09-30,NOT PUBLISHED IN MISO GI QUEUE DATA,Active,,Battery Storage
S1104,MISO,IL,Fayette,Ramsey,100.0,2026-06-30,NOT PUBLISHED IN MISO GI QUEUE DATA,Active,,Battery Storage
J3736,MISO,MO,Osage,LOOSE CREEK,100.0,2027-12-03,NOT PUBLISHED IN MISO GI QUEUE DATA,Active,,Battery Storage
1735,NYISO,NY,Herkimer,Ilion Municipal 115kV substation,100.0,2029-02-01,Turin Management LLC,Under Study,Remington Factory Redevelopment,Load - Data Center
J2026,MISO,MI,Gratiot,REGAL,100.0,2022-12-02,NOT PUBLISHED IN MISO GI QUEUE DATA,Facilities Study,,Battery Storage
J3973,MISO,MI,Branch,COLDWATER - MOORE ROAD 138.0kV,100.0,2030-10-01,NOT PUBLISHED IN MISO GI QUEUE DATA,Active,,Battery Storage
J2069,MISO,MI,Montcalm,EUREKA - VESTABURG 138.0kV,100.0,2024-09-01,NOT PUBLISHED IN MISO GI QUEUE DATA,Facilities Study,,Hybrid - Solar/Battery
S1081,MISO,MI,Muskegon,DU PONT - WHITE LAKE 138.0kV,100.0,2028-04-30,NOT PUBLISHED IN MISO GI QUEUE DATA,Active,,Battery Storage
J2064,MISO,MI,Jackson,Tompkins 138 kV,100.0,2024-10-07,NOT PUBLISHED IN MISO GI QUEUE DATA,Facilities Study,,Battery Storage
J2197,MISO,IL,Clay,Xenia,100.0,2024-10-07,NOT PUBLISHED IN MISO GI QUEUE DATA,Facilities Study,,Battery Storage
J2178,MISO,IN,Sullivan,Merom 345 kV,100.0,2024-10-30,NOT PUBLISHED IN MISO GI QUEUE DATA,Facilities Study,,Battery Storage
J2195,MISO,IL,Fayette,Ramsey East 138 kV,100.0,2024-10-07,NOT PUBLISHED IN MISO GI QUEUE DATA,Facilities Study,,Battery Storage
J2193,MISO,WI,Waushara,Sand Lake,100.0,2024-09-01,NOT PUBLISHED IN MISO GI QUEUE DATA,Facilities Study,,Hybrid - Solar/Battery
J2232,MISO,IN,Tipton,Tipton West 230 kV,100.0,2024-10-30,NOT PUBLISHED IN MISO GI QUEUE DATA,Facilities Study,,Battery Storage
J2124,MISO,IL,Champaign,Rising,100.0,2022-12-02,NOT PUBLISHED IN MISO GI QUEUE DATA,Facilities Study,,Battery Storage
J2179,MISO,MO,Montgomery,MONTGOMERY,100.0,2024-10-30,NOT PUBLISHED IN MISO GI QUEUE DATA,Facilities Study,,Battery Storage
J3735,MISO,MI,Genesee,BEVERIDGE 138kV,100.0,2028-06-01,NOT PUBLISHED IN MISO GI QUEUE DATA,Active,,Battery Storage
J3344,MISO,IL,Knox,7FARGO - 7SANDBURG 345.0kV,100.0,2028-09-01,NOT PUBLISHED IN MISO GI QUEUE DATA,Active,,Battery Storage
P2520,AESO,AB,High River,NOT PUBLISHED IN AESO CONNECTION PROJECT LIST,100.0,2027-01-01,NOT PUBLISHED IN AESO CONNECTION PROJECT LIST,IA in Progress,Laramide MPC Battery,Battery Storage
P2517,AESO,AB,Medicine Hat,NOT PUBLISHED IN AESO CONNECTION PROJECT LIST,100.0,2029-11-22,NOT PUBLISHED IN AESO CONNECTION PROJECT LIST,Facilities Study,Hutchison MPC Battery,Battery Storage
J2499,MISO,MI,Ottawa,Blendon 138 kV,100.0,2026-03-07,NOT PUBLISHED IN MISO GI QUEUE DATA,Under Study,,Battery Storage
J3421,MISO,MI,Huron,SEASIDE,100.0,2028-06-30,NOT PUBLISHED IN MISO GI QUEUE DATA,Active,,Battery Storage
J3268,MISO,MI,Gratiot,REGAL,100.0,2027-09-10,NOT PUBLISHED IN MISO GI QUEUE DATA,Active,,Battery Storage
J2456,MISO,AR,Phillips,AECC AUBREY-RITCHIE SES SWITCHYARD 230 KV,100.0,2027-03-01,NOT PUBLISHED IN MISO GI QUEUE DATA,Under Study,,Hybrid - Solar/Battery
J3485,MISO,MI,Huron,RAPSON,100.0,2028-09-15,NOT PUBLISHED IN MISO GI QUEUE DATA,Active,,Battery Storage
