id,category,jurisdiction,provider,record,date,url,description,source_kind,candidate_epoch_sites
GA-DKT-44280,PUC/commission docket,"Georgia, US",Georgia Public Service Commission / Georgia Power,Docket 44280 — recurring Large Load Contract filings,2026-09-08,https://psc.ga.gov/search/facts-document/?documentId=228337,"PSC filing 228337 is the September 8, 2026 Large Load Contract Summary filing in Docket 44280. The docket also contains multiple earlier 2026 executed-contract and filing records.",primary commission record,
GA-CONTRACT-SEP2026,large-load contract,"Georgia, US",Georgia Power,Large Load Contract Summary — 9.8.26,2026-09-08,https://psc.ga.gov/search/facts-document/?documentId=228337,Current public contract-summary filing for Georgia Power large-load customers.,primary commission record,
GA-DATACENTER-FACTS-2026,rate/utility board filing framework,"Georgia, US",Georgia Public Service Commission,Data Center Facts and Figures,2026-03,https://psc.ga.gov/site/downloads/datacenterfactsheet.pdf,"PSC document describing large-load contract reporting, data-center rate treatment and generation planning related to large-load growth.",primary commission publication,
GA-LARGE-LOAD-REV-2026,utility board filing,"Georgia, US",Georgia Power / Georgia PSC,Large Load Incremental Revenue Filing,2026-08-27,https://psc.ga.gov/search/facts-document/?documentId=228178,PSC docket 44280 filing associated with Georgia Power's large-load incremental revenue filing and executed-contract record.,primary commission record,
GA-HILLS-BRIDGE-2026,transmission upgrade,"Georgia, US",Georgia Power,Hills Bridge–Speedway 500 kV Transmission Project,2026-09-26,https://www.georgiapower.com/about/grid-reliability/grid-projects/transmission-projects/hills-bridge-speedway.html,Georgia Power project page states the transmission project is being developed to serve a specific large-load customer; no project MW is inferred.,utility primary source,
VA-PUR-2025-00058,rate case / large load,"Virginia, US",Virginia SCC / Dominion Energy Virginia,Case PUR-2025-00058 — 2025 Biennial Review,2026-02-24,https://www.scc.virginia.gov/about-the-scc/scc-facts/,"SCC identifies the case as the source of large-load customer safeguards, including the GS-5 class and minimum-charge treatment for large-load customers such as hyperscale data centers.",primary commission publication,
VA-PUR-2024-00179,transmission-service project,"Virginia, US",Virginia SCC / Dominion Energy Virginia,Meadowville 230 kV Electric Transmission Project,2024-11-06,https://www.scc.virginia.gov/docketsearch/DOCS/82fk01%21.PDF,Dominion filing states the project is to serve two data-center customers in Chesterfield County and identifies the Bermuda Hundred Switching Station and related transmission facilities.,primary commission filing,"[""CoreWeave Chester VA""]"
VA-PUR-2024-00170,transmission-service project,"Virginia, US",Virginia SCC / Dominion Energy Virginia,Centreport Substation / transmission project,2024-09-19,https://www.scc.virginia.gov/docketsearch/DOCS/82d401%21.PDF,Dominion application proposes new 230 kV facilities in Stafford County to serve a data-center customer; customer name is not public in the cited filing.,primary commission filing,
VA-PUR-2024-00144,large-load planning docket,"Virginia, US",Virginia SCC / Dominion Energy Virginia,Ex Parte: Electric Utilities and Load Growth,2024-12-10,https://www.scc.virginia.gov/docketsearch/DOCS/82fk01%21.PDF,Commission technical-conference docket addressing forecasting and providing service to large-load requests; Dominion submitted a data-center practice statement.,primary commission docket,
VA-TRANSMISSION-CASES-2026,transmission project index,"Virginia, US",Virginia SCC,Recent transmission line cases,2026-09-26,https://www.scc.virginia.gov/consumers/public-utility/electricity-faqs/transmission-line-projects/,"SCC public index lists current data-center-related transmission cases including Doubs-Goose Creek, Firehouse, Golden-Mars and the Meadowville project.",primary commission index,
VA-DEQ-DATA-CENTERS-2026,permit records,"Virginia, US",Virginia DEQ,Issued Air Permits for Data Centers,2026-09-26,https://www.deq.virginia.gov/news-info/shortcuts/permits/air/issued-air-permits-for-data-centers,"State regulator inventory of individual data-center permit identities, including operator/site names and permit numbers.",primary regulator inventory,
ERCOT-PROTOCOLS-2026,load interconnection framework,"Texas, US",ERCOT,Nodal Protocols — Large Load interconnection status reporting,2026-02-01,https://www.ercot.com/files/docs/2026/01/29/February-1-2026-Nodal-Protocols.pdf,"ERCOT protocol requires monthly Large Load interconnection status reporting with load zone, TSP, load type, submission date, requested energization, size range, status and co-location fields, subject to confidentiality.",primary RTO protocol,
ERCOT-LLI-2026,interconnection/service agreement framework,"Texas, US",ERCOT,Large Load Integration / Batch Zero,2026-09-18,https://www.ercot.com/services/rq/large-load-integration,"ERCOT's current Large Load Integration page provides Batch Zero eligibility, verification RFI and interconnection-study process documents.",primary RTO source,
ERCOT-BATCHZERO-RFI-2026,verification / interconnection,"Texas, US",ERCOT,Batch Zero Verification Requests for Information,2026-09-09,https://www.ercot.com/services/comm/mkt_notices/M-A090926-01,ERCOT announced the issuance of Batch Zero verification RFIs to interconnecting large-load entities conditionally included in the process.,primary RTO notice,
ERCOT-IMPACT-RFI-2026,state/community impact evidence,"Texas, US",ERCOT / PUCT,State and Community Impact RFI,2026-09-14,https://www.ercot.com/services/comm/mkt_notices/M-B091426-01,"ERCOT describes a joint ERCOT/PUCT data-center information request covering grid dependency, water, cooling, ownership and other site/community impacts.",primary RTO notice,
OEB-Vaughan-MTS6-2026,distribution connection,"Ontario, Canada",Alectra Utilities / OEB,Vaughan MTS #6 — data-centre customer,2026-09-26,https://alectrautilities.com/VaughanMTS6,Alectra public project page reports a data-centre customer maximum demand of 108 MVA for Vaughan MTS #6; the registry keeps MVA as reported rather than converting it to MW.,utility primary source,
OEB-RICHMOND-HILL-2026,distribution planning / capacity,"Ontario, Canada",OEB / Alectra Utilities,Richmond Hill data-centre compound,2026-01-22,https://www.rds.oeb.ca/CMWebDrawer/Record/930773/File/document,"OEB-filed material identifies a Richmond Hill data-centre compound and states that 176 MW of total capacity was requested in the area; this is area-level requested capacity, not a single facility identifier.",primary regulatory filing,
IESO-APPLICATION-STATUS-2026,connection application universe,"Ontario, Canada",IESO,Application Status — all connection proposals with executed agreements,2026-09-10,https://ieso.ca/Sector-Participants/Connection-Process/Application-Status,"IESO publishes the application-status universe and says it covers all connection proposals with an application package and executed required agreement; 2,074 records are listed.",primary system operator registry,
IESO-TECH-FEAS-2026,interconnection study,"Ontario, Canada",IESO,Technical Feasibility Study process,2026-09-26,https://www.ieso.ca/Sector-Participants/Connection-Process/Technical-Feasibility-Study,IESO explains that technical feasibility studies are confidential and require an executed study agreement; public final technical-feasibility reports are not posted.,primary system operator process,
AESO-CONNECTION-REPORTING-2026,connection project list,"Alberta, Canada",AESO,Connection Project Reporting / Project List,2026-09-01,https://www.aeso.ca/grid/transmission-projects/connection-project-reporting/,"AESO publishes monthly information for all projects following the Connection Process, including in-progress projects with accepted System Access Service Requests, recently energized and cancelled projects.",primary system operator registry,
AESO-LARGE-LOAD-2026,large-load connection/service,"Alberta, Canada",AESO,Large Load Projects / executed load contracts,2026-09-26,https://www.aeso.ca/grid/connecting-to-the-grid/large-load-projects/,"AESO states Phase 1 allocated 1,200 MW via executed load contracts and identifies P2936 GLDC Load (970 MW) and P3083 Keephills Data Centre Phase I (230 MW).",primary system operator source,
AESO-CLUSTER2-2025,load study / transmission planning,"Alberta, Canada",AESO,Cluster 2 Stage 2 Congestion Assessment,2025-12-15,https://www.aeso.ca/assets/CTRL-Cluster-2-Stage-2-Congestion-Assessment.pdf,"AESO modelling explicitly includes the two Phase 1 large-data-center loads totaling 1,200 MW.",primary system operator study,
EPCOR-CETR-2026,substation/transmission upgrade,"Alberta, Canada",EPCOR / Alberta Utilities Commission,City of Edmonton Transmission Reinforcement,2026-03-27,https://www.epcor.com/ca/en/ab/edmonton/operations/construction/projects/coe-transmission-reinforcement.html,"EPCOR states the AUC approved the project on March 27, 2026 and describes a new substation, 240 kV and 72 kV transmission facilities and the regulatory approval path.",utility primary source,
EPCOR-DCS-2026,distribution service agreement / tariff,"Alberta, Canada",EPCOR Distribution & Transmission Inc.,Distribution Connection Service Terms and Conditions,2026-01-01,https://www.epcor.com/content/dam/epcor/documents/supporting-documents/2026-01-distribution-connection-services-terms-and-conditions.pdf,"EPCOR's current service terms define load customers, points of service and interconnection facilities in Alberta's distribution system.",utility tariff/terms,
