id,evidence_type,provider,jurisdiction,records,capacity_mw,accounting,geometry_type,radius_km,lat,lon,label,source_url,capture_date,notes
"BCHYDRO-EMERGING-INDUSTRIES-2026","AI_data_center_call_for_demand","BC Hydro","British Columbia, Canada","15","800","Non-additive","footprint","350","53.8","-127.6","utility/regional footprint","https://app.bchydro.com/accounts-billing/electrical-connections/large-load/emerging-industries-connections.html","2026-09","BC Hydro reports 15 AI/data-centre applications representing close to 800 MW total load request. Outside the nine-market core geography."
"ALECTRA-VAUGHAN-MTS6-2026","named_data_center_distribution_connection","Alectra Utilities","Ontario, Canada","1",,"Non-additive","footprint","350","46.5","-84.5","utility/regional footprint","https://alectrautilities.com/VaughanMTS6","2026-09","Alectra reports an undisclosed customer proposing a 108 MVA data center in Vaughan. MVA is retained as reported and is not converted to MW."
"ISO-NE-CELT-2026-LARGE-LOADS","forecast_large_load_project","ISO New England","New England, US","1","200","Non-additive","footprint","350","42.3","-71.8","utility/regional footprint","https://www.iso-ne.com/static-assets/documents/100033/fx2026_large_loads.pdf","2026","CELT 2026 lists a 200 MW data-center project in the NEMA load zone; it is forecast evidence and may overlap IRTT/other connection records."
"MISO-MTEP25-LARGE-LOAD","transmission_planning_large_load_additions","MISO","MISO, US",,"11600","Non-additive","footprint","350","38.4","-92.5","organized-market/regional footprint","https://extranet.misoenergy.org/planning/transmission-planning/mtep","2025-2026 planning cycle","MTEP25 reports 11.6 GW of large-load additions and 49 EPR requests. Planning aggregate; not an additional facility population."
"MISO-PRELIM-MTEP26-EPR-2026","preliminary_large_load_additions","MISO","MISO, US",,"13100","Non-additive","footprint","350","38.4","-92.5","organized-market/regional footprint","https://cdn.misoenergy.org/20260130%20Large%20Load%20Workshop%20Presentation738349.pdf","2026-01-30","MISO preliminary 2026 MTEP EPR data show 13.1 GW of large-load additions. This overlaps other MISO planning and queue aggregates."
"NYISO-PSC-LARGE-LOAD-2026-02","regulatory_large_load_queue_summary","New York State Public Service Commission / NYISO","New York, US","48","11900","Non-additive","footprint","350","42.9","-75.5","utility/regional footprint","https://www.governor.ny.gov/news/governor-hochul-announces-psc-proceeding-her-plan-ensure-data-centers-pay-their-fair-share","2026-02","New York regulatory materials reported 48 future large-load projects totaling more than 11.9 GW in the NYISO queue as of February 2026. Current core NYISO rows are a later/different publication layer, so this is not additive."
"IESO-APPLICATION-STATUS-ALL-2026-09-10","all_connection_proposals","IESO","Ontario, Canada","2074",,"Non-additive","footprint","350","46.5","-84.5","utility/regional footprint","https://ieso.ca/Sector-Participants/Connection-Process/Application-Status","2026-09-10","IESO states the list covers all connection proposals that submitted an application package and executed the required agreement. The core registry separately filters its large-load subset."
"OEB-CCIM-2026","distribution_capacity_geospatial_dataset","Ontario Energy Board","Ontario, Canada",,,"Non-additive","footprint","350","46.5","-84.5","utility/regional footprint","https://www.oeb.ca/ontarios-energy-sector/centralized-capacity-information-map","2026-04-23","OEB reports the CCIM contains about 6.9 million data points covering utility-provided load and DER capacity information. This is grid-context evidence, not facility count."
"CAISO-LARGE-LOADS-2026","large_load_policy_and_demand_context","California ISO","California, US",,,"Non-additive","footprint","350","36.8","-119.4","utility/regional footprint","https://www.caiso.com/generation-transmission/load/large-loads","2026-09","CAISO states utilities are receiving increasing large-load interconnection/service applications and publishes a dedicated Large Loads initiative. Current core CAISO data are Cluster 15 only."
"SPP-HILL-2026","high_impact_large_load_service_and_study_framework","Southwest Power Pool","SPP footprint, US",,,"Non-additive","footprint","350","38.5","-98","utility/regional footprint","https://www.spp.org/largeload/","2026-09","SPP operates a dedicated High Impact Large Load framework covering data centers and other large loads, with public rules, stakeholder materials and associated study/service pathways."
"HYDRO-QUEBEC-DATA-CENTRES-2026","data_center_sector_current_and_forecast","Hydro-Québec","Quebec, Canada",,"200","Non-additive","footprint","350","52","-72","utility/regional footprint","https://news.hydroquebec.com/news/press-releases/all-quebec/hydro-quebec-proposing-regie-energie-new-rate-large-data-centres-adjustment-rate-cryptographic-use-applied-blockchains.html","2026-02-19","Hydro-Québec reports nearly 200 MW of peak consumption by the sector, with consumption potentially reaching about 1,000 MW by 2035. New projects above 5 MW remain subject to its selection process. Outside the nine-market core geography."
"HYDRO-QUEBEC-BLOCKCHAIN-2026","cryptocurrency_large_load_sector","Hydro-Québec","Quebec, Canada",,"115","Non-additive","footprint","350","52","-72","utility/regional footprint","https://news.hydroquebec.com/news/press-releases/all-quebec/hydro-quebec-proposing-regie-energie-new-rate-large-data-centres-adjustment-rate-cryptographic-use-applied-blockchains.html","2026-02-19","Hydro-Québec reports approximately 115 MW of blockchain-sector consumption. Preserved as a separate large-compute demand signal, not treated as data-center capacity."
"ERCOT-BATCH-ZERO-PUBLIC-SOURCE-2026","batch_zero_public_process_source","ERCOT","Texas, US",,,"Non-additive","footprint","350","31.1","-99.4","organized-market/regional footprint","https://www.ercot.com/services/rq/large-load-integration","2026-09-26","ERCOT publicly publishes Batch Zero forms, question reference guides and process/timeline material for large-load integration. The public page does not enumerate completed individual RFI responses, and RIOO submissions are controlling. Illustrative LLI-9001-style rows in an ERCOT demo update are not treated as real projects. No Batch Zero project rows are fabricated."
"PJM-LAS-UTILITY-LARGE-LOAD-FILES-2026-09-24","utility_large_load_forecast_submission_set","PJM Load Analysis Subcommittee","US / PJM","12",,"Non-additive","footprint","350","39.5","-77.5","organized-market/regional footprint","https://www.pjm.com/committees-and-groups/subcommittees/las","2026-09-24","The 2026-09-24 LAS materials list large-load/data-center forecast submissions from Dominion, NOVEC, Rappahannock, ODEC, PPL, AEP, Duquesne, FirstEnergy, Exelon, Dayton AES, Duke and PSEG. The meeting page exposes filenames but not a uniform machine-readable capacity table."
"PJM-LARGE-LOAD-FOUR-ZONE-2026","four_zone_large_load_adjustment","PJM / FERC filing","US / PJM",,"38900","Non-additive","footprint","350","39.5","-77.5","organized-market/regional footprint","https://www.pjm.com/-/media/DotCom/documents/ferc/filings/2026/20260507-el26-63-000.pdf","2026-05-07","PJM filing materials describe 38.9 GW of large-load adjustments concentrated in the Dominion, AEP, ComEd and PPL zones. Forecast/adjustment aggregate; not a unique facility population."
"MISO-EPR-CYCLE-LARGE-LOAD-2026-03","epr_large_load_population","MISO stakeholder record / MidAmerican Energy","US / MISO","35","19777","Non-additive","footprint","350","38.4","-92.5","organized-market/regional footprint","https://www.misoenergy.org/engage/stakeholder-feedback/2026/pac-definition-of-large-load-proposal-and-requirements-pac-2024-1-20260225/","2026-03-19","MidAmerican's March 2026 stakeholder feedback cites 35 of 46 proposed load-addition EPR projects, totaling 19,777 MW of 20,105.6 MW, as meeting a proposed >=75 MW definition. This is a stakeholder interpretation of an EPR statistics presentation, not a second queue population."
"CAISO-CURRENT-PUBLIC-QUEUE-REPORT-2026-09-26","full_public_queue_report_source_metadata","California ISO","California, US",,,"Non-additive","footprint","350","36.8","-119.4","utility/regional footprint","https://www.caiso.com/documents/publicqueuereport.pdf","2026-09-26","CAISO's current Public Queue Report is a full active/completed/withdrawn interconnection report. The 2026-09-26 report exposed 181 pages in the current public document, with queue position, project name, study process, project type, MW totals, county/state, utility, PTO region, POI/station/line and date/status fields. The registry currently keeps CAISO Cluster 15 rows in the core and a historical cluster series separately; this source record is the direct lead for full row-level refresh."
"DOMINION-LARGE-LOAD-QUEUE-2025-12-31","large_load_connection_queue","Dominion Energy Virginia / Virginia SCC","Virginia, US",,"70000","Non-additive","footprint","350","37.5","-78.7","regional evidence footprint","https://www.scc.virginia.gov/docketsearch/DOCS/8%40%23101%21.PDF","2025-12-31","Approximately 70,000 MW of large-load DP Requests were advancing through Dominion's queue as of Dec. 31, 2025. This aggregate can overlap PJM and is not converted to facility rows. Geographic display is a regional footprint only; it is not a facility address."
"COMED-HIGH-PROBABILITY-2026","high_probability_large_load_request_pipeline","ComEd / Exelon","Illinois, US",,"16000","Non-additive","footprint","350","40","-89.2","regional evidence footprint","https://icc.illinois.gov/docket/P2026-0215/documents/380046/files/666754.pdf","2026-02-12","ComEd presentation states 16 GW of highly probable large-load interconnection requests for 2026. This is utility-level pipeline evidence and may overlap PJM. Geographic display is a regional footprint only; it is not a facility address."
"SRP-LARGE-BUSINESS-2025-09-25","large_business_customer_pipeline","Salt River Project","Arizona, US","80","15308","Non-additive","footprint","350","34","-111.9","regional evidence footprint","https://www.srpnet.com/assets/srpnet/pdf/about/governance-leadership/district-meetings/20251006_DB_packet.pdf","2025-09-25","SRP reported 80 projects above 10 MW totaling 15,308 MW; 52 were data center projects totaling 14,140 MW. Outside the nine-market core geography. Geographic display is a regional footprint only; it is not a facility address."
"PGE-DATA-CENTER-CONTRACTS-2026","executed_data_center_contracts","Portland General Electric","Oregon, US","5","430","Non-additive","footprint","350","44","-120.5","regional evidence footprint","https://investors.portlandgeneral.com/news-releases/news-release-details/portland-general-electric-announces-acquisition-washington-state","2026-02-17","PGE reported five data center customer contracts executed in 2025 and the first part of 2026 totaling 430 MW. Outside the nine-market core geography. Geographic display is a regional footprint only; it is not a facility address."
"GEORGIA-POWER-LARGE-LOAD-GENERATION-2025-12-19","generation_requirement_for_large_load_growth","Georgia Public Service Commission / Georgia Power","Georgia, US",,"9985","Non-additive","footprint","350","32.7","-83.4","regional evidence footprint","https://psc.ga.gov/site/downloads/datacenterfactsheet.pdf","2025-12-19","PSC states 9,985 MW of new generation was certified, with approximately 80% expected to power data centers. This is generation-side planning evidence, not a unique data-center load total. Geographic display is a regional footprint only; it is not a facility address."
"ENTERGY-RIVER-BEND-2025","named_AI_data_center_utility_service","Entergy Louisiana / Hut 8","Louisiana, US","1","330","Non-additive","footprint","350","31","-92","regional evidence footprint","https://www.entergy.com/news/hut-8-selects-entergy-southeast-louisiana-for-10-billion-artificial-intelligence-data-center","2025-12","River Bend initial utility capacity is 330 MW to support 245 MW of critical IT load; campus has potential to scale to 1,000 MW utility capacity. MISO geography; possible overlap must be resolved before any additive accounting. Geographic display is a regional footprint only; it is not a facility address."
"VIRGINIA-DEQ-DATA-CENTER-PERMITS-2026","data_center_air_permit_identity_inventory","Virginia Department of Environmental Quality","Virginia, US","72",,"Non-additive","footprint","350","37.5","-78.7","regional evidence footprint","https://www.deq.virginia.gov/news-info/shortcuts/permits/air/issued-air-permits-for-data-centers","2026-09","DEQ reports 72 operating data centers in Loudoun County; its topics page also identifies nine more in planning. Permit inventory provides identity and regulatory provenance but not a uniform facility MW total. Geographic display is a regional footprint only; it is not a facility address."
"PGE-LARGE-LOAD-PIPELINE-2026","additional_incremental_large_load_requests","Portland General Electric","Oregon, US",,"1700","Non-additive","footprint","350","44","-120.5","regional evidence footprint","https://investors.portlandgeneral.com/static-files/fccae871-928a-4b4d-9957-a5b10d104b94","2026-01-31","PGE reports 1.7 GW of additional incremental large-load requests through 2028 and 2032. This overlaps the separately reported executed 430 MW contracts and is therefore non-additive. Geographic display is a regional footprint only; it is not a facility address."
"GEORGIA-POWER-CONTRACT-SUMMARY-2026-09-08","large_load_contract_filing_discovery","Georgia Public Service Commission / Georgia Power","Georgia, US",,,"Non-additive","footprint","350","32.7","-83.4","regional evidence footprint","https://psc.ga.gov/search/facts-document/?documentId=228337","2026-09-08","PSC filing #228337 is a Large Load Contract Summary dated Sept. 8, 2026 and includes a public ZIP attachment. The filing is retained as a direct source lead for contract-level extraction; values are not transcribed here because the attachment is a ZIP container and was not treated as machine-readable facility data. Geographic display is a regional footprint only; it is not a facility address."
"EXELON-LARGE-LOAD-COMMITMENTS-2026","large_load_commitment_pipeline","Exelon / ComEd / PECO","Illinois / Pennsylvania, US",,"18000","Non-additive","footprint","350","40.4","-80","regional evidence footprint","https://icc.illinois.gov/docket/P2026-0215/documents/380046/files/666754.pdf","2026-02-12","Exelon presentation describes 18 GW of commitments with customer protections. This broader footprint measure is distinct from, but overlaps, the 16 GW ComEd high-probability pipeline measure and is not additive. Geographic display is a regional footprint only; it is not a facility address."
"APS-UNCOMMITTED-QUEUE-2026","uncommitted_extra_large_customer_queue","Arizona Public Service","Arizona, US",,"19000","Non-additive","footprint","350","34","-111.9","regional evidence footprint","https://www.aps.com/en/Utility/Company-wide-Events-and-Messages/Data_Centers_How_Were_Protecting_Customers_While_Planning-for-Big-Energy-Needs","2026-08","APS reports an uncommitted queue of 19.0 GW for extra-large energy users. The page identifies data centers as a major source of this growth. This is outside the nine-market core and is an aggregate, not a unique facility list. Geographic display is a regional footprint only; it is not a facility address."
"AEP-CONTRACTED-LOAD-2030-2026Q2","signed_large_load_agreements","American Electric Power","AEP footprint, US",,"69000","Non-additive","footprint","350","39.5","-82.5","regional evidence footprint","https://www.aep.com/news/stories/view/12135/","2026-07-30","AEP reported total contracted load growth through 2030 of 69 GW after adding six GW of signed load agreements in Q2 2026. Agreements include hyperscalers, data centers and industrial customers. This footprint overlaps PJM/ERCOT/SPP. Geographic display is a regional footprint only; it is not a facility address."
"AEP-OHIO-CONTRACTED-LOAD-2026-2030","contracted_new_load","AEP Ohio","Ohio, US",,"12000","Non-additive","footprint","350","40.4","-82.8","regional evidence footprint","https://docs.aep.com/docs/sustainability/2026-AEP-Impact-Report.pdf","2026","AEP's 2026 Impact Report states AEP Ohio anticipates approximately 12 GW of new contracted load across its service territory between 2026 and 2030. This overlaps PJM and the broader AEP footprint. Geographic display is a regional footprint only; it is not a facility address."
"AEP-OHIO-PIKETON-SB-ENERGY-2026","named_data_center_campus","AEP Ohio / SB Energy / U.S. DOE","Ohio, US","1","10000","Non-additive","footprint","350","39.05","-82.99","regional evidence footprint","https://docs.aep.com/docs/sustainability/2026-AEP-Impact-Report.pdf","2026-03","AEP's 2026 Impact Report identifies a planned 10 GW data-center campus at the former Piketon gaseous diffusion plant, with new 765 kV transmission infrastructure and power expected to begin flowing in 2029. It is not converted into the core PJM table without an exact queue match. Geographic display is a regional footprint only; it is not a facility address."
"AMEREN-MISSOURI-LARGE-LOAD-2032","large_load_growth_plan","Ameren Missouri","Missouri, US",,"2000","Non-additive","footprint","350","38.4","-92.5","regional evidence footprint","https://www.ameren.com/page/powering-mo-growth","2026","Ameren Missouri states its revised Preferred Resource Plan is designed to provide for up to 2 GW of new energy demand by 2032, while its Powering Missouri Growth plan targets large new enterprises including data centers. This is a planning envelope, not a unique queue. Geographic display is a regional footprint only; it is not a facility address."
"BPA-LARGE-LOAD-LEDGER-2026-09-22","western_large_load_request_universe","Bonneville Power Administration / Watt Street secondary normalization","US / BPA","457","72400","Non-additive","footprint","350","45.6","-120.6","regional evidence footprint","https://www.wattstreet.net/load-ledger/","2026-09-22","Watt Street's public Load Ledger reports 457 BPA large-load requests totaling 72.4 GW as of 2026-09-22. This is a secondary normalization of public transmission-provider queues, not a BPA-issued aggregate. It is outside the nine-market core and is not added to core totals. Geographic display is a regional footprint only; it is not a facility address."
"COMED-LARGE-DEMAND-PIPELINE-2025","large_demand_project_pipeline","ComEd / Illinois Commerce Commission","Illinois, US","75","28000","Non-additive","footprint","350","40","-89.2","regional evidence footprint","https://www.icc.illinois.gov/docket/P2025-0677/documents/371138/files/650717.pdf","2025-08-29","Illinois ICC material records ComEd at more than 75 large demand projects with requested demand of 28,000 MW; at least 50 were expected to take 138 kV or higher service. This is an aggregate utility pipeline and may overlap the 16 GW later high-probability measure. Geographic display is a regional footprint only; it is not a facility address."
"IDAHO-POWER-LARGE-LOAD-REQUESTS-2026","large_load_service_request_aggregate","Idaho Power","Idaho, US","24","307","Non-additive","footprint","350","44.2","-114.6","regional evidence footprint","https://substationscout.com/large-load-registry/","2026-09-22","Secondary public cross-reference reports 24 Idaho Power large-load requests totaling about 307 MW. This utility population is outside the nine-market core geography and is not added to core totals. Geographic display is a regional footprint only; it is not a facility address."
"PJM-DATA-CENTER-COMMITTED-HISTORY-2014-2025","historical_data_center_committed_capacity_series","PJM","US / PJM","47","243","Non-additive","footprint","350","39.5","-77.5","regional evidence footprint","https://www.pjm.com/-/media/DotCom/committees-groups/workshops/llaw/2025/20250509/20250509-item-02---large-load-additions-workshop---presentation.pdf","2025-05-09","PJM large-load workshop reports annual committed data-center capacity/participant counts. 2024/2025 delivery year: 47 participants and 243 MW Summer ICAP. Prior series in the same document: 2014/15 80 participants/179 MW; 2015/16 96/234; 2016/17 48/113; 2017/18 34/200; 2018/19 48/264; 2019/20 56/287; 2020/21 57/309; 2021/22 61/334; 2022/23 61/315; 2023/24 52/293. This is a historical market-participation series, not a facility queue. Geographic display is a regional footprint only; it is not a facility address."
"ERCOT-LARGE-LOAD-410GW-2026-03-26","large_load_interconnection_pipeline","ERCOT","Texas, US",,"410618","Non-additive","footprint","350","31.1","-99.4","regional evidence footprint","https://www.ercot.com/files/docs/2026/04/01/ERCOT_LargeLoad_Update_April2026_B-C_-Hearing.pdf","2026-03-26","ERCOT public presentation reports 410,618 MW of actual/projected large loads through 2030 as of March 26, 2026, with 355,830 MW (87.6%) shown as Data Center type. This is an aggregate status/forecast pipeline and is not added to the row-level 714-record generator-side registry. Geographic display is a regional footprint only; it is not a facility address."
"CAISO-CLUSTER-8-PRIOR-HISTORY","caiso_historical_cluster_queue_footprint","California ISO","California, US","49","7377","Historical non-additive","footprint","350","36.8","-119.4","CAISO historical queue footprint","https://www.caiso.com/library/public-queue-report","2026-09-25","Cluster 8 and prior: historical generator-interconnection queue footprint. This is a regional historical population, not a facility location; it is not added to the current large-load total."
"CAISO-CLUSTER-9-HISTORY","caiso_historical_cluster_queue_footprint","California ISO","California, US","27","5367","Historical non-additive","footprint","350","36.8","-119.4","CAISO historical queue footprint","https://www.caiso.com/library/public-queue-report","2026-09-25","Cluster 9: historical generator-interconnection queue footprint. This is a regional historical population, not a facility location; it is not added to the current large-load total."
"CAISO-CLUSTER-10-HISTORY","caiso_historical_cluster_queue_footprint","California ISO","California, US","21","6501","Historical non-additive","footprint","350","36.8","-119.4","CAISO historical queue footprint","https://www.caiso.com/library/public-queue-report","2026-09-25","Cluster 10: historical generator-interconnection queue footprint. This is a regional historical population, not a facility location; it is not added to the current large-load total."
"CAISO-CLUSTER-11-HISTORY","caiso_historical_cluster_queue_footprint","California ISO","California, US","30","5362","Historical non-additive","footprint","350","36.8","-119.4","CAISO historical queue footprint","https://www.caiso.com/library/public-queue-report","2026-09-25","Cluster 11: historical generator-interconnection queue footprint. This is a regional historical population, not a facility location; it is not added to the current large-load total."
"CAISO-CLUSTER-12-HISTORY","caiso_historical_cluster_queue_footprint","California ISO","California, US","44","14768","Historical non-additive","footprint","350","36.8","-119.4","CAISO historical queue footprint","https://www.caiso.com/library/public-queue-report","2026-09-25","Cluster 12: historical generator-interconnection queue footprint. This is a regional historical population, not a facility location; it is not added to the current large-load total."
"CAISO-CLUSTER-13-HISTORY","caiso_historical_cluster_queue_footprint","California ISO","California, US","60","16323","Historical non-additive","footprint","350","36.8","-119.4","CAISO historical queue footprint","https://www.caiso.com/library/public-queue-report","2026-09-25","Cluster 13: historical generator-interconnection queue footprint. This is a regional historical population, not a facility location; it is not added to the current large-load total."
"CAISO-CLUSTER-14-HISTORY","caiso_historical_cluster_queue_footprint","California ISO","California, US","204","65506","Historical non-additive","footprint","350","36.8","-119.4","CAISO historical queue footprint","https://www.caiso.com/library/public-queue-report","2026-09-25","Cluster 14: historical generator-interconnection queue footprint. This is a regional historical population, not a facility location; it is not added to the current large-load total."
"CAISO-CLUSTER-15-ENERGY-ONLY-SUBSET","caiso_historical_cluster_queue_footprint","California ISO","California, US","48","14421","Historical non-additive","footprint","350","36.8","-119.4","CAISO historical queue footprint","https://www.caiso.com/library/public-queue-report","2026-09-25","Cluster 15 energy-only subset: historical generator-interconnection queue footprint. This is a regional historical population, not a facility location; it is not added to the current large-load total."
"PJM-TRANSITION-QUEUE-2025","pjm_service_request_aggregate","PJM","US / PJM",,"63000","Non-additive","footprint","350","39.5","-77.5","historical PJM transition queue","https://www.pjm.com/-/media/DotCom/about-pjm/newsroom/fact-sheets/interconnection-reform-progress-fact-sheet.pdf","2025-06-01","Aggregate service/interconnection evidence; regional footprint only, not a facility location."
"PJM-TRANSITION-CYCLE1-2026","pjm_service_request_aggregate","PJM","US / PJM","81","13600","Non-additive","footprint","350","39.5","-77.5","PJM Transition Cycle 1 service requests","https://www.pjm.com/pjmfiles/pub/planning/project-queues/Cluster-Reports/TC1/TC1_FINAL_Executive_Summary.htm","2026-05-14","Aggregate service/interconnection evidence; regional footprint only, not a facility location."
"MISO-UNLOCATED-2026-09-19","aggregate_miso_unlocated_large_load_footprint","MISO","MISO footprint, US","83","35900","Additive to expanded known scope; non-site footprint","footprint","430","39.5","-91.5","MISO regional disclosure footprint","https://www.misoenergy.org/api/giqueue/getprojects",,"83 >=100 MW requests are known from the captured public response but lack required site location fields; this circle is a regional disclosure footprint, not 83 facility locations."
"SEATTLE-CITY-LIGHT-LARGE-DATA-CENTRE-2026","policy_utility_footprint","Seattle City Light","Washington, US",,,"Non-additive","footprint","90","47.6062","-122.3321","utility service footprint","https://powerlines.seattle.gov/2026/06/12/getting-ahead-of-data-center-power-demands/",,"Utility policy/source footprint; not a facility location."
"AEP-LARGE-LOAD-TARIFFS-2026","multi_utility_framework_footprint","American Electric Power","AEP footprint, US",,,"Non-additive","footprint","650","39.77","-86.16","AEP multi-state service footprint","https://docs.aep.com/docs/investors/eventspresentationsandwebcasts/Mar_2026_Investor_Handout.pdf",,"Multi-state tariff/service framework footprint. Not a facility location."
"PACIFICORP-LARGE-CUSTOMER-SERVICE-REQUESTS","utility_service_request_stream","PacifiCorp","PacifiCorp footprint, US",,,"Non-additive","footprint","650","44","-117.5","PacifiCorp service footprint","https://www.pacificorp.com/about/newsroom/news-releases/2026/2026-06-30-data-center.html",,"Utility-level request stream; no aggregate public MW is asserted."
"PSE-LARGE-LOAD-SERVICE-REQUESTS","utility_large_load_service_requests","Puget Sound Energy","Washington, US",,,"Non-additive","footprint","110","47.4","-122.2","PSE service footprint","https://www.pse.com/en/pages/data-centers",,"Utility large-load service-request source; footprint only."
"AVISTA-LARGE-CUSTOMER-SERVICE-REQUESTS","utility_large_customer_service_requests","Avista","Washington / Idaho, US",,,"Non-additive","footprint","240","47.65","-117.43","Avista service footprint","https://www.myavista.com/large-load",,"Utility large-customer service request source; footprint only."
"MISO-EPR-HISTORY-2020-2026","historical_miso_large_load_footprint","MISO","MISO footprint, US",,,"Non-additive","footprint","430","39.5","-91.5","historical MISO large-load planning footprint","https://www.misoenergy.org/planning/transmission-planning/mtep/",,"Historical planning/source footprint, not a facility location."
"IDAHO-POWER-FIRM-LOAD-FORECAST-2025","utility_forecast_footprint","Idaho Power","Idaho / eastern Oregon, US",,,"Non-additive","footprint","260","43.62","-116.2","Idaho Power planning footprint","https://docs.idahopower.com/pdfs/aboutus/irp/2025/2025IRP.pdf",,"Utility planning/forecast footprint; not a facility location."
