id,jurisdiction,provider,evidence_type,record_count,capacity_mw,capacity_mva,threshold_mw,capture_date,additive_to_core_row_level,granularity,source_url,notes
"MISO-UNLOCATED-2026-09-19","US / MISO","MISO","unlocated_live_ge_100mw_requests","83","35900","","100","2026-09-19","true","request aggregate","https://www.misoenergy.org/api/giqueue/getprojects","Live >=100 MW public MISO queue requests preserved outside the core because the captured public response lacked required state/location fields. This record does not by itself establish that every request is a data-center load."
"DOMINION-LARGE-LOAD-QUEUE-2025-12-31","Virginia, US","Dominion Energy Virginia / Virginia SCC","large_load_connection_queue","","70000","","25","2025-12-31","false","aggregate queue","https://www.scc.virginia.gov/docketsearch/DOCS/8%40%23101%21.PDF","Approximately 70,000 MW of large-load DP Requests were advancing through Dominion's queue as of Dec. 31, 2025. This aggregate can overlap PJM and is not converted to facility rows."
"COMED-HIGH-PROBABILITY-2026","Illinois, US","ComEd / Exelon","high_probability_large_load_request_pipeline","","16000","","25","2026-02-12","false","aggregate utility pipeline","https://icc.illinois.gov/docket/P2026-0215/documents/380046/files/666754.pdf","ComEd presentation states 16 GW of highly probable large-load interconnection requests for 2026. This is utility-level pipeline evidence and may overlap PJM."
"SRP-LARGE-BUSINESS-2025-09-25","Arizona, US","Salt River Project","large_business_customer_pipeline","80","15308","","10","2025-09-25","false","project portfolio aggregate","https://www.srpnet.com/assets/srpnet/pdf/about/governance-leadership/district-meetings/20251006_DB_packet.pdf","SRP reported 80 projects above 10 MW totaling 15,308 MW; 52 were data center projects totaling 14,140 MW. Outside the nine-market core geography."
"BCHYDRO-EMERGING-INDUSTRIES-2026","British Columbia, Canada","BC Hydro","AI_data_center_call_for_demand","15","800","","","2026-09","false","application aggregate","https://app.bchydro.com/accounts-billing/electrical-connections/large-load/emerging-industries-connections.html","BC Hydro reports 15 AI/data-centre applications representing close to 800 MW total load request. Outside the nine-market core geography."
"PGE-DATA-CENTER-CONTRACTS-2026","Oregon, US","Portland General Electric","executed_data_center_contracts","5","430","","","2026-02-17","false","customer contract aggregate","https://investors.portlandgeneral.com/news-releases/news-release-details/portland-general-electric-announces-acquisition-washington-state","PGE reported five data center customer contracts executed in 2025 and the first part of 2026 totaling 430 MW. Outside the nine-market core geography."
"GEORGIA-POWER-LARGE-LOAD-GENERATION-2025-12-19","Georgia, US","Georgia Public Service Commission / Georgia Power","generation_requirement_for_large_load_growth","","9985","","100","2025-12-19","false","generation approval / demand proxy","https://psc.ga.gov/site/downloads/datacenterfactsheet.pdf","PSC states 9,985 MW of new generation was certified, with approximately 80% expected to power data centers. This is generation-side planning evidence, not a unique data-center load total."
"ENTERGY-RIVER-BEND-2025","Louisiana, US","Entergy Louisiana / Hut 8","named_AI_data_center_utility_service","1","330","","100","2025-12","false","named facility","https://www.entergy.com/news/hut-8-selects-entergy-southeast-louisiana-for-10-billion-artificial-intelligence-data-center","River Bend initial utility capacity is 330 MW to support 245 MW of critical IT load; campus has potential to scale to 1,000 MW utility capacity. MISO geography; possible overlap must be resolved before any additive accounting."
"ALECTRA-VAUGHAN-MTS6-2026","Ontario, Canada","Alectra Utilities","named_data_center_distribution_connection","1","","","","2026-09","false","named facility","https://alectrautilities.com/VaughanMTS6","Alectra reports an undisclosed customer proposing a 108 MVA data center in Vaughan. MVA is retained as reported and is not converted to MW."
"ISO-NE-CELT-2026-LARGE-LOADS","New England, US","ISO New England","forecast_large_load_project","1","200","","20","2026","false","named forecast category","https://www.iso-ne.com/static-assets/documents/100033/fx2026_large_loads.pdf","CELT 2026 lists a 200 MW data-center project in the NEMA load zone; it is forecast evidence and may overlap IRTT/other connection records."
"MISO-MTEP25-LARGE-LOAD","MISO, US","MISO","transmission_planning_large_load_additions","","11600","","","2025-2026 planning cycle","false","planning aggregate","https://extranet.misoenergy.org/planning/transmission-planning/mtep","MTEP25 reports 11.6 GW of large-load additions and 49 EPR requests. Planning aggregate; not an additional facility population."
"MISO-PRELIM-MTEP26-EPR-2026","MISO, US","MISO","preliminary_large_load_additions","","13100","","","2026-01-30","false","planning aggregate","https://cdn.misoenergy.org/20260130%20Large%20Load%20Workshop%20Presentation738349.pdf","MISO preliminary 2026 MTEP EPR data show 13.1 GW of large-load additions. This overlaps other MISO planning and queue aggregates."
"NYISO-PSC-LARGE-LOAD-2026-02","New York, US","New York State Public Service Commission / NYISO","regulatory_large_load_queue_summary","48","11900","","","2026-02","false","regulatory aggregate","https://www.governor.ny.gov/news/governor-hochul-announces-psc-proceeding-her-plan-ensure-data-centers-pay-their-fair-share","New York regulatory materials reported 48 future large-load projects totaling more than 11.9 GW in the NYISO queue as of February 2026. Current core NYISO rows are a later/different publication layer, so this is not additive."
"VIRGINIA-DEQ-DATA-CENTER-PERMITS-2026","Virginia, US","Virginia Department of Environmental Quality","data_center_air_permit_identity_inventory","72","","","","2026-09","false","facility inventory","https://www.deq.virginia.gov/news-info/shortcuts/permits/air/issued-air-permits-for-data-centers","DEQ reports 72 operating data centers in Loudoun County; its topics page also identifies nine more in planning. Permit inventory provides identity and regulatory provenance but not a uniform facility MW total."
"IESO-APPLICATION-STATUS-ALL-2026-09-10","Ontario, Canada","IESO","all_connection_proposals","2074","","","","2026-09-10","false","full connection application universe","https://ieso.ca/Sector-Participants/Connection-Process/Application-Status","IESO states the list covers all connection proposals that submitted an application package and executed the required agreement. The core registry separately filters its large-load subset."
"OEB-CCIM-2026","Ontario, Canada","Ontario Energy Board","distribution_capacity_geospatial_dataset","","","","","2026-04-23","false","geospatial capacity evidence","https://www.oeb.ca/ontarios-energy-sector/centralized-capacity-information-map","OEB reports the CCIM contains about 6.9 million data points covering utility-provided load and DER capacity information. This is grid-context evidence, not facility count."
"CAISO-LARGE-LOADS-2026","California, US","California ISO","large_load_policy_and_demand_context","","","","","2026-09","false","system-level context","https://www.caiso.com/generation-transmission/load/large-loads","CAISO states utilities are receiving increasing large-load interconnection/service applications and publishes a dedicated Large Loads initiative. Current core CAISO data are Cluster 15 only."
"SPP-HILL-2026","SPP footprint, US","Southwest Power Pool","high_impact_large_load_service_and_study_framework","","","","","2026-09","false","process/source layer","https://www.spp.org/largeload/","SPP operates a dedicated High Impact Large Load framework covering data centers and other large loads, with public rules, stakeholder materials and associated study/service pathways."
"PGE-LARGE-LOAD-PIPELINE-2026","Oregon, US","Portland General Electric","additional_incremental_large_load_requests","","1700","","","2026-01-31","false","aggregate utility pipeline","https://investors.portlandgeneral.com/static-files/fccae871-928a-4b4d-9957-a5b10d104b94","PGE reports 1.7 GW of additional incremental large-load requests through 2028 and 2032. This overlaps the separately reported executed 430 MW contracts and is therefore non-additive."
"HYDRO-QUEBEC-DATA-CENTRES-2026","Quebec, Canada","Hydro-Québec","data_center_sector_current_and_forecast","","200","","5","2026-02-19","false","sector aggregate","https://news.hydroquebec.com/news/press-releases/all-quebec/hydro-quebec-proposing-regie-energie-new-rate-large-data-centres-adjustment-rate-cryptographic-use-applied-blockchains.html","Hydro-Québec reports nearly 200 MW of peak consumption by the sector, with consumption potentially reaching about 1,000 MW by 2035. New projects above 5 MW remain subject to its selection process. Outside the nine-market core geography."
"HYDRO-QUEBEC-BLOCKCHAIN-2026","Quebec, Canada","Hydro-Québec","cryptocurrency_large_load_sector","","115","","","2026-02-19","false","sector aggregate","https://news.hydroquebec.com/news/press-releases/all-quebec/hydro-quebec-proposing-regie-energie-new-rate-large-data-centres-adjustment-rate-cryptographic-use-applied-blockchains.html","Hydro-Québec reports approximately 115 MW of blockchain-sector consumption. Preserved as a separate large-compute demand signal, not treated as data-center capacity."
"SEATTLE-CITY-LIGHT-LARGE-DATA-CENTRE-2026","Washington, US","Seattle City Light","large_data_center_load_policy","","","","","2026-07","false","policy/source layer","https://powerlines.seattle.gov/2026/06/12/getting-ahead-of-data-center-power-demands/","Seattle City Light published a large-data-center load policy response and updated it after passage of a new policy in July 2026. The page is a source lead for subsequent project-level filings rather than a uniform queue."
"AEP-LARGE-LOAD-TARIFFS-2026","US / AEP footprint","American Electric Power","large_load_customer_tariff_and_service_framework","","","","","2026-03","false","multi-utility framework","https://docs.aep.com/docs/investors/eventspresentationsandwebcasts/Mar_2026_Investor_Handout.pdf","AEP investor material documents dedicated large-load/data-center tariff frameworks in AEP Ohio, Appalachian Power West Virginia, and Indiana Michigan Power, with additional growth-state activity. Thresholds and contract terms are source metadata, not facility counts."
"GEORGIA-POWER-CONTRACT-SUMMARY-2026-09-08","Georgia, US","Georgia Public Service Commission / Georgia Power","large_load_contract_filing_discovery","","","","","2026-09-08","false","document / contract source","https://psc.ga.gov/search/facts-document/?documentId=228337","PSC filing #228337 is a Large Load Contract Summary dated Sept. 8, 2026 and includes a public ZIP attachment. The filing is retained as a direct source lead for contract-level extraction; values are not transcribed here because the attachment is a ZIP container and was not treated as machine-readable facility data."
"EXELON-LARGE-LOAD-COMMITMENTS-2026","Illinois / Pennsylvania, US","Exelon / ComEd / PECO","large_load_commitment_pipeline","","18000","","","2026-02-12","false","aggregate utility footprint","https://icc.illinois.gov/docket/P2026-0215/documents/380046/files/666754.pdf","Exelon presentation describes 18 GW of commitments with customer protections. This broader footprint measure is distinct from, but overlaps, the 16 GW ComEd high-probability pipeline measure and is not additive."
"APS-UNCOMMITTED-QUEUE-2026","Arizona, US","Arizona Public Service","uncommitted_extra_large_customer_queue","","19000","","","2026-08","false","aggregate utility queue","https://www.aps.com/en/Utility/Company-wide-Events-and-Messages/Data_Centers_How_Were_Protecting_Customers_While_Planning-for-Big-Energy-Needs","APS reports an uncommitted queue of 19.0 GW for extra-large energy users. The page identifies data centers as a major source of this growth. This is outside the nine-market core and is an aggregate, not a unique facility list."
"AEP-CONTRACTED-LOAD-2030-2026Q2","AEP footprint, US","American Electric Power","signed_large_load_agreements","","69000","","","2026-07-30","false","aggregate contracted load","https://www.aep.com/news/stories/view/12135/","AEP reported total contracted load growth through 2030 of 69 GW after adding six GW of signed load agreements in Q2 2026. Agreements include hyperscalers, data centers and industrial customers. This footprint overlaps PJM/ERCOT/SPP."
"AEP-OHIO-CONTRACTED-LOAD-2026-2030","Ohio, US","AEP Ohio","contracted_new_load","","12000","","","2026","false","aggregate utility pipeline","https://docs.aep.com/docs/sustainability/2026-AEP-Impact-Report.pdf","AEP's 2026 Impact Report states AEP Ohio anticipates approximately 12 GW of new contracted load across its service territory between 2026 and 2030. This overlaps PJM and the broader AEP footprint."
"AEP-OHIO-PIKETON-SB-ENERGY-2026","Ohio, US","AEP Ohio / SB Energy / U.S. DOE","named_data_center_campus","1","10000","","","2026-03","false","named planned campus","https://docs.aep.com/docs/sustainability/2026-AEP-Impact-Report.pdf","AEP's 2026 Impact Report identifies a planned 10 GW data-center campus at the former Piketon gaseous diffusion plant, with new 765 kV transmission infrastructure and power expected to begin flowing in 2029. It is not converted into the core PJM table without an exact queue match."
"AMEREN-MISSOURI-LARGE-LOAD-2032","Missouri, US","Ameren Missouri","large_load_growth_plan","","2000","","","2026","false","resource-planning demand envelope","https://www.ameren.com/page/powering-mo-growth","Ameren Missouri states its revised Preferred Resource Plan is designed to provide for up to 2 GW of new energy demand by 2032, while its Powering Missouri Growth plan targets large new enterprises including data centers. This is a planning envelope, not a unique queue."
"PACIFICORP-LARGE-CUSTOMER-SERVICE-REQUESTS","Pacific Northwest / Intermountain West, US","PacifiCorp","large_customer_service_request_stream","","","","25","2025-12","false","utility service-request source","https://www.pacificpower.net/content/dam/pcorp/documents/en/pacificpower/rates-regulation/california/filings/advice-725-e/Advice_725-E.pdf","PacifiCorp states it is increasingly receiving service requests from large prospective customers such as data-center owners/developers for tens to hundreds of MW. The source establishes a public extraction lead but does not provide a uniform aggregate."
"ERCOT-BATCH-ZERO-PUBLIC-SOURCE-2026","Texas, US","ERCOT","batch_zero_public_process_source","","","","75","2026-09-26","false","public process/source layer","https://www.ercot.com/services/rq/large-load-integration","ERCOT publicly publishes Batch Zero forms, question reference guides and process/timeline material for large-load integration. The public page does not enumerate completed individual RFI responses, and RIOO submissions are controlling. Illustrative LLI-9001-style rows in an ERCOT demo update are not treated as real projects. No Batch Zero project rows are fabricated."
"BPA-LARGE-LOAD-LEDGER-2026-09-22","US / BPA","Bonneville Power Administration / Watt Street secondary normalization","western_large_load_request_universe","457","72400","","","2026-09-22","false","aggregate large-load request queue","https://www.wattstreet.net/load-ledger/","Watt Street's public Load Ledger reports 457 BPA large-load requests totaling 72.4 GW as of 2026-09-22. This is a secondary normalization of public transmission-provider queues, not a BPA-issued aggregate. It is outside the nine-market core and is not added to core totals."
"PJM-LAS-UTILITY-LARGE-LOAD-FILES-2026-09-24","US / PJM","PJM Load Analysis Subcommittee","utility_large_load_forecast_submission_set","12","","","","2026-09-24","false","utility submission set","https://www.pjm.com/committees-and-groups/subcommittees/las","The 2026-09-24 LAS materials list large-load/data-center forecast submissions from Dominion, NOVEC, Rappahannock, ODEC, PPL, AEP, Duquesne, FirstEnergy, Exelon, Dayton AES, Duke and PSEG. The meeting page exposes filenames but not a uniform machine-readable capacity table."
"PJM-LARGE-LOAD-FOUR-ZONE-2026","US / PJM","PJM / FERC filing","four_zone_large_load_adjustment","","38900","","","2026-05-07","false","four-zone forecast adjustment aggregate","https://www.pjm.com/-/media/DotCom/documents/ferc/filings/2026/20260507-el26-63-000.pdf","PJM filing materials describe 38.9 GW of large-load adjustments concentrated in the Dominion, AEP, ComEd and PPL zones. Forecast/adjustment aggregate; not a unique facility population."
"COMED-LARGE-DEMAND-PIPELINE-2025","Illinois, US","ComEd / Illinois Commerce Commission","large_demand_project_pipeline","75","28000","","50","2025-08-29","false","utility customer pipeline","https://www.icc.illinois.gov/docket/P2025-0677/documents/371138/files/650717.pdf","Illinois ICC material records ComEd at more than 75 large demand projects with requested demand of 28,000 MW; at least 50 were expected to take 138 kV or higher service. This is an aggregate utility pipeline and may overlap the 16 GW later high-probability measure."
"MISO-EPR-CYCLE-LARGE-LOAD-2026-03","US / MISO","MISO stakeholder record / MidAmerican Energy","epr_large_load_population","35","19777","","75","2026-03-19","false","EPR project subset","https://www.misoenergy.org/engage/stakeholder-feedback/2026/pac-definition-of-large-load-proposal-and-requirements-pac-2024-1-20260225/","MidAmerican's March 2026 stakeholder feedback cites 35 of 46 proposed load-addition EPR projects, totaling 19,777 MW of 20,105.6 MW, as meeting a proposed >=75 MW definition. This is a stakeholder interpretation of an EPR statistics presentation, not a second queue population."
"CAISO-CURRENT-PUBLIC-QUEUE-REPORT-2026-09-26","California, US","California ISO","full_public_queue_report_source_metadata","","","","","2026-09-26","false","full public queue report source","https://www.caiso.com/documents/publicqueuereport.pdf","CAISO's current Public Queue Report is a full active/completed/withdrawn interconnection report. The 2026-09-26 report exposed 181 pages in the current public document, with queue position, project name, study process, project type, MW totals, county/state, utility, PTO region, POI/station/line and date/status fields. The registry currently keeps CAISO Cluster 15 rows in the core and a historical cluster series separately; this source record is the direct lead for full row-level refresh."
"IDAHO-POWER-LARGE-LOAD-REQUESTS-2026","Idaho, US","Idaho Power","large_load_service_request_aggregate","24","307","","","2026-09-22","false","utility request aggregate","https://substationscout.com/large-load-registry/","Secondary public cross-reference reports 24 Idaho Power large-load requests totaling about 307 MW. This utility population is outside the nine-market core geography and is not added to core totals."
"PSE-LARGE-LOAD-SERVICE-REQUESTS","Washington, US","Puget Sound Energy","large_customer_service_request_source","","","","","2026-09-22","false","utility source lead","https://substationscout.com/large-load-registry/","Public secondary utility-queue cross-reference identifies Puget Sound Energy as receiving large-load/service requests. No uniform current aggregate is published in the cited public source, so no MW total is inferred."
"AVISTA-LARGE-CUSTOMER-SERVICE-REQUESTS","Washington / Idaho, US","Avista Utilities","large_customer_service_request_source","","","","","2026-09-22","false","utility source lead","https://substationscout.com/large-load-registry/","Public secondary utility-queue cross-reference identifies Avista as receiving large-load/service requests. No uniform current aggregate is published in the cited public source, so no MW total is inferred."
"PJM-DATA-CENTER-COMMITTED-HISTORY-2014-2025","US / PJM","PJM","historical_data_center_committed_capacity_series","47","243","","","2025-05-09","false","historical PJM data-center participant/capacity series","https://www.pjm.com/-/media/DotCom/committees-groups/workshops/llaw/2025/20250509/20250509-item-02---large-load-additions-workshop---presentation.pdf","PJM large-load workshop reports annual committed data-center capacity/participant counts. 2024/2025 delivery year: 47 participants and 243 MW Summer ICAP. Prior series in the same document: 2014/15 80 participants/179 MW; 2015/16 96/234; 2016/17 48/113; 2017/18 34/200; 2018/19 48/264; 2019/20 56/287; 2020/21 57/309; 2021/22 61/334; 2022/23 61/315; 2023/24 52/293. This is a historical market-participation series, not a facility queue."
"ERCOT-LARGE-LOAD-410GW-2026-03-26","Texas, US","ERCOT","large_load_interconnection_pipeline","","410618","","75","2026-03-26","false","aggregate project-status pipeline","https://www.ercot.com/files/docs/2026/04/01/ERCOT_LargeLoad_Update_April2026_B-C_-Hearing.pdf","ERCOT public presentation reports 410,618 MW of actual/projected large loads through 2030 as of March 26, 2026, with 355,830 MW (87.6%) shown as Data Center type. This is an aggregate status/forecast pipeline and is not added to the row-level 714-record generator-side registry."
"MISO-EPR-HISTORY-2020-2026","MISO, US","MISO","historical_large_load_epr_series","28","13100","","","2026-01-30","false","EPR annual aggregate series","https://cdn.misoenergy.org/20251209%20System%20Planning%20Committee%20of%20the%20BOD%20Item%2004%20RI%20Transmission%20Evolution730301.pdf","MISO chart reports large-load additions supported by EPRs: 2020 0.1 GW / 2 projects; 2021 0.2 / 6; 2022 0.3 / 11; 2023 0.9 / 12; 2024 2.7 / 14; 2025 9.7 / 27; preliminary 2026 13.1 / 28. The 2026 preliminary figure is an aggregate planning measure, not an additional row population."
"PJM-TRANSITION-QUEUE-2025","US / PJM","PJM","historical_interconnection_transition_queue","","63000","","","2025-06-01","false","aggregate transition queue","https://www.pjm.com/-/media/DotCom/about-pjm/newsroom/fact-sheets/interconnection-reform-progress-fact-sheet.pdf","PJM interconnection reform fact sheet reported about 63 GW remaining in the transition queue, about 46 GW of agreements, and about 140 GW studied since reform. This is a generation/interconnection reform population, not a unique large-load facility population."
"PJM-TRANSITION-CYCLE1-2026","US / PJM","PJM","new_large_service_request_cycle","81","13600","","","2026-05-14","false","service-request cycle aggregate","https://www.pjm.com/pjmfiles/pub/planning/project-queues/Cluster-Reports/TC1/TC1_FINAL_Executive_Summary.htm","PJM Transition Cycle 1 executive summary reports 81 new service requests with combined maximum facility output of 13,600 MW and 6,315.9 MW of CIRs. The public executive summary is an aggregate service-request source rather than a facility list."
"IDAHO-POWER-FIRM-LOAD-FORECAST-2025","Idaho, US","Idaho Power","additional_firm_load_forecast","","257","","","2025 IRP","false","utility load forecast","https://docs.idahopower.com/pdfs/AboutUs/PlanningForFuture/2025IRP/2025%20IRP%20Appendix%20A.pdf","Idaho Power 2025 IRP Appendix A forecasts additional firm load of 257 aMW in 2026, 875 aMW in 2030, 1,065 aMW in 2035 and 1,072 aMW in 2045. These are forecast system-load increments, not a unique customer/project total and not added to project rows."
"ERCOT-LARGE-LOAD-HISTORY-2026-03-26","Texas, US","ERCOT","large_load_status_history","","410618","","75","2026-03-26","false","systemwide forecast/status history","https://www.ercot.com/files/docs/2026/04/09/ERCOTLargeLoadUpdate-April9HouseStateAffairsHearing.pdf","ERCOT's March 26, 2026 large-load update reports 410,618 MW total large load in the 2030 projection, with 355,830 MW classified as data center. The table separates No Studies Submitted, Under ERCOT Review, Planning Studies Approved, A2E but not operational, and Observed Energized. This is a systemwide status/forecast layer, not a unique facility population."
"ERCOT-LARGE-LOAD-HISTORY-2026-01-20","Texas, US","ERCOT","large_load_status_history","","232546","","75","2026-01-20","false","systemwide forecast/status history","https://www.ercot.com/files/docs/2026/02/02/9.2-Interconnection-and-Grid-Analysis-Update.pdf","ERCOT's January 20, 2026 update reports 232,546 MW total large-load projection for 2030, with 165,313 MW classified as data center. Preserved as a dated historical snapshot; not additive to the later March snapshot."
"SPP-AQ-DATA-CENTER-HISTORY-2021-2024","SPP footprint, US","Southwest Power Pool","historical_large_load_request_composition","31","9004.45","","100","2025-06-04","false","historical annual aggregate","https://www.spp.org/documents/74011/20250604_submission%20of%20tariff%20revisions%20to%20add%20a%20provisional%20load%20process_er25-2430.pdf","SPP table of AQ requests ≥100 MW by load type: data-center requests were 6/1,300 MW in 2021, 11/2,918 MW in 2022, 6/2,262.61 MW in 2023, and 8/2,523.84 MW in 2024. Combined: 31 requests / 9,004.45 MW. This is historical aggregate evidence, not a unique current facility population."
"SPP-LARGE-LOAD-TRANSMISSION-14GW-2026","New Mexico / Texas, US","Southwest Power Pool","large_load_transmission_service_region","","14000","","100","2026-04-07","false","regional transmission-service aggregate","https://spp.org/documents/76425/20260407_grid%20acceleration%20coalition%20complaint_el26-58-000.pdf","SPP filing material states two 765 kV projects — Crawfish Draw–Woodward and Potter–Woodward — will allow service for more than 14 GW in large-load requests in southeast New Mexico and northwest Texas. This is transmission-service enabling capacity, not a facility total."
"PJM-DATA-CENTER-GROWTH-2025-2030","PJM footprint, US","PJM","data_center_load_forecast","","30000","","","2026-01-08","false","regional forecast","https://insidelines.pjm.com/2025-year-in-review-planning-prepares-for-burgeoning-electricity-demand/","PJM's 2025 year-in-review states its evaluation of large-load adjustment requests confirmed data-center electricity demand is projected to grow up to approximately 30 GW between 2025 and 2030. Forecast evidence only; not unique queue rows."
"PJM-DATA-CENTER-TRANSFER-EVENT-2026-07-22","Virginia, US","PJM / Dominion Energy Virginia","operational_large_load_transfer_event","1","3800","","","2026-07-22","false","operational event","https://insidelines.pjm.com/pjm-dominion-review-large-load-transfer-event/","PJM reports approximately 3,800 MW of computational load disconnected/transferred to on-site backup generation during the July 22, 2026 northern Virginia event. This is an observed operational event, not an interconnection request or facility-capacity total."
"MISO-CURRENT-COMPLETE-QUEUE-2026-09-26","MISO footprint, US","MISO","current_complete_queue_snapshot","","","","100","2026-09-26","false","complete public queue snapshot","","Current MISO public queue snapshot captured at undefined. It contains undefined total rows and undefined rows at or above 100 MW. undefined >=100 MW rows lack one or more public site-identity/location fields in the API response and are therefore held in the unresolved worklist. This is a current queue-wide source snapshot, not an additional unique facility population."
"ALABAMA-DATA-CENTER-PROJECT-UNIVERSE-2026","Alabama, US","Third-party public project registry","statewide_named_data_center_project_aggregate","3","1250","","","2026-09-25","false","state project aggregate","https://isadatacentercoming.com/al","Public project index records 3 Alabama projects as planned or under construction with 1.25 GW pipeline capacity; this aggregate is non-additive to individual project records and is retained as a discovery/control total."
"DUKE-CUSTOMER-PROTECTION-PLUS-2026","Duke Energy footprint, US","Duke Energy","large_load_customer_service_framework","","","","","2026-07-23","false","utility service framework","https://news.duke-energy.com/releases/duke-energy-data-center-growth-will-deliver-billions-of-dollars-in-customer-savings","Duke publicly states new data-center customers undergo engineering studies and can be subject to long-term commitments, financial security, termination charges and customer-funded connection costs. The release does not enumerate individual projects or MW values, so this is a process/source layer."
"PACIFICORP-HIGH-DATA-CENTER-SCENARIO-2025","PacifiCorp footprint, US","PacifiCorp","data_center_load_forecast_scenario","","","","","2025-03","false","system forecast scenario","https://www.pacificorp.com/content/dam/pcorp/documents/en/pacificorp/energy/integrated-resource-plan/2025-irp/2025_IRP_Vol_2.pdf","PacifiCorp's 2025 IRP includes a High Data Center Scenario incorporating active data-center requests as requested by customers. The source publishes system forecast trajectories rather than a deduplicated project list; no project MW is inferred from the scenario chart."
"BCHYDRO-CALL-FOR-DEMAND-2026-145MW-APPLICATION-LIMIT","British Columbia, Canada","BC Hydro","large_load_application_capacity_rule","","145","","5","2026-02-13","false","application rule / allocation layer","https://app.bchydro.com/accounts-billing/electrical-connections/large-load/emerging-industries-connections/questions-answers.html","BC Hydro's 2026 Call for Demand Q&A states an individual request may be no more than 145 MW per site and describes allocations of up to 100 MW for conventional data centres and 300 MW for storage data centres. These are application rules/allocations, not the load of a specific facility."
"EVERGY-SIGNED-DATA-CENTER-ESAS-2026","Kansas / Missouri, US","Evergy","signed_data_center_esa_portfolio","5","2500","","75","2026-08-11","false","customer portfolio aggregate","https://investors.evergy.com/static-files/73352465-a5e0-4dbf-ac4b-98692902443f","Evergy Q2 2026 earnings presentation identifies five signed customer/project relationships and reports approximately 2.5 GW aggregate steady-state peak load for ESAs under LLPS. Individual customer MW is not public; portfolio total overlaps utility/service records and is non-additive."
"BLACK-HILLS-CHEYENNE-1.8GW-2026","Wyoming, US","Wyoming Electric / Black Hills Energy","prospective_data_center_generation_reservation","1","1800","","100","2026-08-05","false","named prospective project","https://ir.blackhillscorp.com/news-releases/news-release-details/black-hills-corp-reports-2026-second-quarter-results-and","Black Hills reports a prospective 1.8 GW data center project in Cheyenne under a generation reservation agreement. Customer name is not public in the cited source; not energized-load evidence."
"NV-ENERGY-LARGE-LOAD-ESAS-2026","Nevada, US","NV Energy / Nevada PUC","large_load_esa_docket_portfolio","8","","","75","2026-06-03","false","eight named contract parties across five dockets","https://pucweb1.state.nv.us/puc2/DktInfo.aspx","Nevada PUC docket index publicly identifies eight customer/owner entities across dockets 26-05026 through 26-05030 for Large Load Electric Service Agreements, including Amazon Data Services, Vantage Data Centers NV11, Novva Las Vegas, Proton NLV, Prologis and Reno-property entities. No MW is inferred because the public index does not publish contract demand."
